NPO_ID,Name,Causes,Region,Year_Founded,Total_Donations,Donor_Count,Volunteer_Count,People_Helped,Trust_Score,Feedback_Count,Avg_Sentiment_Score,Description,Education,Environment,Healthcare,Hunger Relief,Women Empowerment,Animal Welfare,Disaster Relief,Community Development,Child Welfare,Elderly Support
1,Kind Hearts 1,"Community Development, Environment, Elderly Support",Delhi,1996,3648347,2626,114,13370,0.76,190,0.3,"Kind Hearts 1 works in the area of Community Development, Environment, Elderly Support in Delhi. Founded in 1996, it focuses on social upliftment and sustainable development.",0,1,0,0,0,0,0,1,0,1
2,Kind Network 2,"Education, Elderly Support, Disaster Relief",Jaipur,2003,1418735,534,217,23627,0.77,90,0.32,"Kind Network 2 works in the area of Education, Elderly Support, Disaster Relief in Jaipur. Founded in 2003, it focuses on social upliftment and sustainable development. It provides emergency aid and rehabilitation during natural disasters.",1,0,0,0,0,0,1,0,0,1
3,Relief Group 3,"Hunger Relief, Disaster Relief",Mumbai,2017,2063281,1744,208,1614,0.78,495,0.7,"Relief Group 3 works in the area of Hunger Relief, Disaster Relief in Mumbai. Founded in 2017, it focuses on social upliftment and sustainable development. It provides emergency aid and rehabilitation during natural disasters.",0,0,0,1,0,0,1,0,0,0
4,Kind Network 4,"Animal Welfare, Elderly Support",Pune,2020,1668000,3023,619,17794,0.98,105,0.72,"Kind Network 4 works in the area of Animal Welfare, Elderly Support in Pune. Founded in 2020, it focuses on social upliftment and sustainable development.",0,0,0,0,0,1,0,0,0,1
5,Hope Hearts 5,"Environment, Child Welfare",Chennai,1998,1900059,1939,658,35690,0.69,485,0.62,"Hope Hearts 5 works in the area of Environment, Child Welfare in Chennai. Founded in 1998, it focuses on social upliftment and sustainable development.",0,1,0,0,0,0,0,0,1,0
6,Uplift Hearts 6,"Education, Environment",Bangalore,1997,4897979,4231,751,19356,0.67,105,0.21,"Uplift Hearts 6 works in the area of Education, Environment in Bangalore. Founded in 1997, it focuses on social upliftment and sustainable development.",1,1,0,0,0,0,0,0,0,0
7,Helping Group 7,"Education, Healthcare, Disaster Relief",Ahmedabad,1990,831678,4146,777,18029,0.86,284,0.11,"Helping Group 7 works in the area of Education, Healthcare, Disaster Relief in Ahmedabad. Founded in 1990, it focuses on social upliftment and sustainable development. It provides emergency aid and rehabilitation during natural disasters.",1,0,1,0,0,0,1,0,0,0
8,Kind Trust 8,"Education, Healthcare, Environment",Lucknow,2022,2277668,2600,745,31704,0.76,72,0.73,"Kind Trust 8 works in the area of Education, Healthcare, Environment in Lucknow. Founded in 2022, it focuses on social upliftment and sustainable development.",1,1,1,0,0,0,0,0,0,0
9,Relief Trust 9,"Women Empowerment, Hunger Relief, Environment",Lucknow,1994,1390457,4713,600,24536,0.8,278,0.98,"Relief Trust 9 works in the area of Women Empowerment, Hunger Relief, Environment in Lucknow. Founded in 1994, it focuses on social upliftment and sustainable development.",0,1,0,1,1,0,0,0,0,0
10,Support Network 10,"Hunger Relief, Disaster Relief",Jaipur,1988,2315956,4300,198,23994,0.87,61,0.64,"Support Network 10 works in the area of Hunger Relief, Disaster Relief in Jaipur. Founded in 1988, it focuses on social upliftment and sustainable development. It provides emergency aid and rehabilitation during natural disasters.",0,0,0,1,0,0,1,0,0,0
11,Aid Trust 11,Women Empowerment,Lucknow,1984,925442,291,895,4509,0.56,323,0.59,"Aid Trust 11 works in the area of Women Empowerment in Lucknow. Founded in 1984, it focuses on social upliftment and sustainable development.",0,0,0,0,1,0,0,0,0,0
12,Hope Hearts 12,Environment,Bangalore,1995,4996363,3250,243,36685,0.65,468,0.18,"Hope Hearts 12 works in the area of Environment in Bangalore. Founded in 1995, it focuses on social upliftment and sustainable development.",0,1,0,0,0,0,0,0,0,0
13,Care Network 13,"Women Empowerment, Child Welfare, Hunger Relief",Kolkata,1994,857646,366,402,6253,0.76,330,0.05,"Care Network 13 works in the area of Women Empowerment, Child Welfare, Hunger Relief in Kolkata. Founded in 1994, it focuses on social upliftment and sustainable development.",0,0,0,1,1,0,0,0,1,0
14,Relief Hearts 14,Environment,Hyderabad,2008,2365062,596,756,39074,0.78,443,0.93,"Relief Hearts 14 works in the area of Environment in Hyderabad. Founded in 2008, it focuses on social upliftment and sustainable development.",0,1,0,0,0,0,0,0,0,0
15,Aid Network 15,"Environment, Disaster Relief",Pune,1995,319523,1331,130,9777,0.73,266,0.21,"Aid Network 15 works in the area of Environment, Disaster Relief in Pune. Founded in 1995, it focuses on social upliftment and sustainable development. It provides emergency aid and rehabilitation during natural disasters.",0,1,0,0,0,0,1,0,0,0
16,Relief Trust 16,"Elderly Support, Women Empowerment, Hunger Relief, Disaster Relief",Chennai,1980,1361147,61,693,14129,0.98,129,0.44,"Relief Trust 16 works in the area of Elderly Support, Women Empowerment, Hunger Relief, Disaster Relief in Chennai. Founded in 1980, it focuses on social upliftment and sustainable development. It provides emergency aid and rehabilitation during natural disasters.",0,0,0,1,1,0,1,0,0,1
17,Uplift Hands 17,"Healthcare, Hunger Relief, Women Empowerment",Chennai,2000,4797128,2920,704,10113,0.98,260,0.19,"Uplift Hands 17 works in the area of Healthcare, Hunger Relief, Women Empowerment in Chennai. Founded in 2000, it focuses on social upliftment and sustainable development.",0,0,1,1,1,0,0,0,0,0
18,Uplift Network 18,"Animal Welfare, Elderly Support",Pune,2014,1726908,2197,397,29670,0.7,212,0.99,"Uplift Network 18 works in the area of Animal Welfare, Elderly Support in Pune. Founded in 2014, it focuses on social upliftment and sustainable development.",0,0,0,0,0,1,0,0,0,1
19,Aid Foundation 19,"Healthcare, Elderly Support",Hyderabad,2005,403501,1821,377,4984,0.71,160,0.44,"Aid Foundation 19 works in the area of Healthcare, Elderly Support in Hyderabad. Founded in 2005, it focuses on social upliftment and sustainable development.",0,0,1,0,0,0,0,0,0,1
20,Hope Foundation 20,Hunger Relief,Ahmedabad,2014,3473385,2535,78,14922,0.93,226,0.33,"Hope Foundation 20 works in the area of Hunger Relief in Ahmedabad. Founded in 2014, it focuses on social upliftment and sustainable development.",0,0,0,1,0,0,0,0,0,0
21,Kind Foundation 21,"Women Empowerment, Hunger Relief, Community Development",Jaipur,2006,813390,2546,398,39644,0.79,410,0.29,"Kind Foundation 21 works in the area of Women Empowerment, Hunger Relief, Community Development in Jaipur. Founded in 2006, it focuses on social upliftment and sustainable development.",0,0,0,1,1,0,0,1,0,0
22,Relief Trust 22,"Education, Child Welfare",Ahmedabad,1983,1591967,933,391,12983,0.75,176,0.19,"Relief Trust 22 works in the area of Education, Child Welfare in Ahmedabad. Founded in 1983, it focuses on social upliftment and sustainable development.",1,0,0,0,0,0,0,0,1,0
23,Hope Hearts 23,Child Welfare,Kolkata,1990,3497315,459,804,41371,0.54,225,0.06,"Hope Hearts 23 works in the area of Child Welfare in Kolkata. Founded in 1990, it focuses on social upliftment and sustainable development.",0,0,0,0,0,0,0,0,1,0
24,Hope Foundation 24,Healthcare,Jaipur,1981,1974191,391,326,8623,0.71,331,0.84,"Hope Foundation 24 works in the area of Healthcare in Jaipur. Founded in 1981, it focuses on social upliftment and sustainable development.",0,0,1,0,0,0,0,0,0,0
25,Support Group 25,"Animal Welfare, Child Welfare, Community Development",Lucknow,1981,4373032,730,415,36273,0.68,117,0.32,"Support Group 25 works in the area of Animal Welfare, Child Welfare, Community Development in Lucknow. Founded in 1981, it focuses on social upliftment and sustainable development.",0,0,0,0,0,1,0,1,1,0
26,Aid Group 26,Disaster Relief,Delhi,1980,1193581,1863,945,9094,0.74,27,0.73,"Aid Group 26 works in the area of Disaster Relief in Delhi. Founded in 1980, it focuses on social upliftment and sustainable development. It provides emergency aid and rehabilitation during natural disasters.",0,0,0,0,0,0,1,0,0,0
27,Relief Group 27,"Women Empowerment, Animal Welfare, Education",Jaipur,2000,1641507,3553,469,16337,0.96,256,0.41,"Relief Group 27 works in the area of Women Empowerment, Animal Welfare, Education in Jaipur. Founded in 2000, it focuses on social upliftment and sustainable development.",1,0,0,0,1,1,0,0,0,0
28,Hope Group 28,"Community Development, Child Welfare, Environment, Disaster Relief",Lucknow,2002,3111724,2234,454,30780,0.88,358,0.15,"Hope Group 28 works in the area of Community Development, Child Welfare, Environment, Disaster Relief in Lucknow. Founded in 2002, it focuses on social upliftment and sustainable development. It provides emergency aid and rehabilitation during natural disasters.",0,1,0,0,0,0,1,1,1,0
29,Aid Foundation 29,"Community Development, Women Empowerment, Disaster Relief",Kolkata,1995,1359033,1022,266,34840,0.63,242,0.57,"Aid Foundation 29 works in the area of Community Development, Women Empowerment, Disaster Relief in Kolkata. Founded in 1995, it focuses on social upliftment and sustainable development. It provides emergency aid and rehabilitation during natural disasters.",0,0,0,0,1,0,1,1,0,0
30,Uplift Network 30,"Elderly Support, Environment, Child Welfare",Jaipur,2002,4924379,111,90,23925,0.86,227,0.41,"Uplift Network 30 works in the area of Elderly Support, Environment, Child Welfare in Jaipur. Founded in 2002, it focuses on social upliftment and sustainable development.",0,1,0,0,0,0,0,0,1,1
31,Uplift Foundation 31,"Child Welfare, Disaster Relief",Lucknow,1999,4884491,1201,323,29469,0.65,359,0,"Uplift Foundation 31 works in the area of Child Welfare, Disaster Relief in Lucknow. Founded in 1999, it focuses on social upliftment and sustainable development. It provides emergency aid and rehabilitation during natural disasters.",0,0,0,0,0,0,1,0,1,0
32,Hope Hands 32,Community Development,Ahmedabad,1983,277549,4408,111,36997,0.94,226,0.82,"Hope Hands 32 works in the area of Community Development in Ahmedabad. Founded in 1983, it focuses on social upliftment and sustainable development.",0,0,0,0,0,0,0,1,0,0
33,Care Hands 33,"Healthcare, Disaster Relief",Bangalore,2007,2372200,2144,474,41420,0.91,112,0.99,"Care Hands 33 works in the area of Healthcare, Disaster Relief in Bangalore. Founded in 2007, it focuses on social upliftment and sustainable development. It provides emergency aid and rehabilitation during natural disasters.",0,0,1,0,0,0,1,0,0,0
34,Helping Group 34,"Hunger Relief, Community Development, Disaster Relief",Pune,1991,699873,2268,329,36431,0.52,158,0.6,"Helping Group 34 works in the area of Hunger Relief, Community Development, Disaster Relief in Pune. Founded in 1991, it focuses on social upliftment and sustainable development. It provides emergency aid and rehabilitation during natural disasters.",0,0,0,1,0,0,1,1,0,0
35,Care Trust 35,"Environment, Education, Hunger Relief",Pune,1993,4078913,367,471,10936,0.99,53,0.12,"Care Trust 35 works in the area of Environment, Education, Hunger Relief in Pune. Founded in 1993, it focuses on social upliftment and sustainable development.",1,1,0,1,0,0,0,0,0,0
36,Kind Group 36,"Elderly Support, Community Development",Jaipur,1995,760135,2192,278,14837,0.88,58,0.88,"Kind Group 36 works in the area of Elderly Support, Community Development in Jaipur. Founded in 1995, it focuses on social upliftment and sustainable development.",0,0,0,0,0,0,0,1,0,1
37,Hope Hearts 37,Women Empowerment,Delhi,1994,1303861,2550,997,49700,0.92,407,0.7,"Hope Hearts 37 works in the area of Women Empowerment in Delhi. Founded in 1994, it focuses on social upliftment and sustainable development.",0,0,0,0,1,0,0,0,0,0
38,Helping Hands 38,"Women Empowerment, Healthcare, Child Welfare",Chennai,1999,3924417,1741,904,29862,0.97,46,0.32,"Helping Hands 38 works in the area of Women Empowerment, Healthcare, Child Welfare in Chennai. Founded in 1999, it focuses on social upliftment and sustainable development.",0,0,1,0,1,0,0,0,1,0
39,Kind Foundation 39,"Community Development, Environment, Education",Jaipur,1997,3190453,2239,926,9030,0.51,184,0.87,"Kind Foundation 39 works in the area of Community Development, Environment, Education in Jaipur. Founded in 1997, it focuses on social upliftment and sustainable development.",1,1,0,0,0,0,0,1,0,0
40,Uplift Foundation 40,Healthcare,Jaipur,2022,581095,3590,583,48132,0.99,260,0.09,"Uplift Foundation 40 works in the area of Healthcare in Jaipur. Founded in 2022, it focuses on social upliftment and sustainable development.",0,0,1,0,0,0,0,0,0,0
41,Relief Hearts 41,"Disaster Relief, Hunger Relief",Delhi,1990,957435,167,671,30463,0.87,440,0.83,"Relief Hearts 41 works in the area of Disaster Relief, Hunger Relief in Delhi. Founded in 1990, it focuses on social upliftment and sustainable development. It provides emergency aid and rehabilitation during natural disasters.",0,0,0,1,0,0,1,0,0,0
42,Helping Hearts 42,"Disaster Relief, Hunger Relief",Lucknow,2010,913424,2155,548,24925,0.68,440,0.89,"Helping Hearts 42 works in the area of Disaster Relief, Hunger Relief in Lucknow. Founded in 2010, it focuses on social upliftment and sustainable development. It provides emergency aid and rehabilitation during natural disasters.",0,0,0,1,0,0,1,0,0,0
43,Hope Network 43,Hunger Relief,Mumbai,1988,689895,1726,732,16730,0.96,14,0.58,"Hope Network 43 works in the area of Hunger Relief in Mumbai. Founded in 1988, it focuses on social upliftment and sustainable development.",0,0,0,1,0,0,0,0,0,0
44,Helping Hearts 44,Community Development,Mumbai,2019,4519716,915,462,34242,0.85,304,0.18,"Helping Hearts 44 works in the area of Community Development in Mumbai. Founded in 2019, it focuses on social upliftment and sustainable development.",0,0,0,0,0,0,0,1,0,0
45,Kind Group 45,Disaster Relief,Kolkata,2000,354006,4750,782,8817,0.77,430,0.92,"Kind Group 45 works in the area of Disaster Relief in Kolkata. Founded in 2000, it focuses on social upliftment and sustainable development. It provides emergency aid and rehabilitation during natural disasters.",0,0,0,0,0,0,1,0,0,0
46,Aid Trust 46,"Women Empowerment, Disaster Relief",Kolkata,2017,1884763,2129,354,48574,0.93,231,0.14,"Aid Trust 46 works in the area of Women Empowerment, Disaster Relief in Kolkata. Founded in 2017, it focuses on social upliftment and sustainable development. It provides emergency aid and rehabilitation during natural disasters.",0,0,0,0,1,0,1,0,0,0
47,Support Network 47,"Environment, Women Empowerment",Ahmedabad,1986,2919775,4315,426,33336,0.74,48,0.07,"Support Network 47 works in the area of Environment, Women Empowerment in Ahmedabad. Founded in 1986, it focuses on social upliftment and sustainable development.",0,1,0,0,1,0,0,0,0,0
48,Support Hands 48,"Elderly Support, Disaster Relief",Ahmedabad,1990,691289,958,147,10037,0.88,99,0.76,"Support Hands 48 works in the area of Elderly Support, Disaster Relief in Ahmedabad. Founded in 1990, it focuses on social upliftment and sustainable development. It provides emergency aid and rehabilitation during natural disasters.",0,0,0,0,0,0,1,0,0,1
49,Support Network 49,Healthcare,Bangalore,2008,1919231,323,529,21023,0.96,191,0.08,"Support Network 49 works in the area of Healthcare in Bangalore. Founded in 2008, it focuses on social upliftment and sustainable development.",0,0,1,0,0,0,0,0,0,0
50,Care Hands 50,"Environment, Animal Welfare, Disaster Relief",Ahmedabad,2010,349931,3649,548,6426,0.52,139,0.32,"Care Hands 50 works in the area of Environment, Animal Welfare, Disaster Relief in Ahmedabad. Founded in 2010, it focuses on social upliftment and sustainable development. It provides emergency aid and rehabilitation during natural disasters.",0,1,0,0,0,1,1,0,0,0
51,Uplift Network 51,"Animal Welfare, Healthcare",Delhi,2017,238830,561,669,23027,0.99,416,0.65,"Uplift Network 51 works in the area of Animal Welfare, Healthcare in Delhi. Founded in 2017, it focuses on social upliftment and sustainable development.",0,0,1,0,0,1,0,0,0,0
52,Relief Group 52,"Healthcare, Environment, Disaster Relief",Pune,2017,2122791,4620,657,16834,0.82,322,0.14,"Relief Group 52 works in the area of Healthcare, Environment, Disaster Relief in Pune. Founded in 2017, it focuses on social upliftment and sustainable development. It provides emergency aid and rehabilitation during natural disasters.",0,1,1,0,0,0,1,0,0,0
53,Care Hands 53,"Hunger Relief, Disaster Relief, Environment",Delhi,2012,3493863,3611,86,34403,0.72,13,0.45,"Care Hands 53 works in the area of Hunger Relief, Disaster Relief, Environment in Delhi. Founded in 2012, it focuses on social upliftment and sustainable development. It provides emergency aid and rehabilitation during natural disasters.",0,1,0,1,0,0,1,0,0,0
54,Support Hearts 54,"Hunger Relief, Child Welfare",Chennai,2012,2268642,2725,203,17987,0.9,190,-0.01,"Support Hearts 54 works in the area of Hunger Relief, Child Welfare in Chennai. Founded in 2012, it focuses on social upliftment and sustainable development.",0,0,0,1,0,0,0,0,1,0
55,Relief Network 55,"Healthcare, Disaster Relief",Ahmedabad,2011,3851845,4757,284,28168,0.76,334,0.42,"Relief Network 55 works in the area of Healthcare, Disaster Relief in Ahmedabad. Founded in 2011, it focuses on social upliftment and sustainable development. It provides emergency aid and rehabilitation during natural disasters.",0,0,1,0,0,0,1,0,0,0
56,Hope Group 56,Hunger Relief,Lucknow,1981,1538161,2159,283,5072,0.98,416,0.83,"Hope Group 56 works in the area of Hunger Relief in Lucknow. Founded in 1981, it focuses on social upliftment and sustainable development.",0,0,0,1,0,0,0,0,0,0
57,Support Foundation 57,"Hunger Relief, Animal Welfare, Education",Chennai,2005,4628641,1835,484,2343,0.74,54,0.72,"Support Foundation 57 works in the area of Hunger Relief, Animal Welfare, Education in Chennai. Founded in 2005, it focuses on social upliftment and sustainable development.",1,0,0,1,0,1,0,0,0,0
58,Care Network 58,"Community Development, Environment, Animal Welfare",Chennai,1986,2132147,375,369,42016,0.82,156,0.04,"Care Network 58 works in the area of Community Development, Environment, Animal Welfare in Chennai. Founded in 1986, it focuses on social upliftment and sustainable development.",0,1,0,0,0,1,0,1,0,0
59,Kind Hearts 59,"Child Welfare, Education",Kolkata,2003,2798454,701,792,31944,0.69,302,0.14,"Kind Hearts 59 works in the area of Child Welfare, Education in Kolkata. Founded in 2003, it focuses on social upliftment and sustainable development.",1,0,0,0,0,0,0,0,1,0
60,Helping Hands 60,"Education, Women Empowerment, Animal Welfare",Pune,2003,3913061,1550,21,45060,0.76,253,0.97,"Helping Hands 60 works in the area of Education, Women Empowerment, Animal Welfare in Pune. Founded in 2003, it focuses on social upliftment and sustainable development.",1,0,0,0,1,1,0,0,0,0
61,Aid Foundation 61,"Child Welfare, Hunger Relief",Kolkata,2001,443487,3987,535,1303,0.75,241,0.83,"Aid Foundation 61 works in the area of Child Welfare, Hunger Relief in Kolkata. Founded in 2001, it focuses on social upliftment and sustainable development.",0,0,0,1,0,0,0,0,1,0
62,Support Group 62,"Community Development, Disaster Relief, Women Empowerment",Ahmedabad,2007,1097383,1816,291,47477,0.78,376,0.93,"Support Group 62 works in the area of Community Development, Disaster Relief, Women Empowerment in Ahmedabad. Founded in 2007, it focuses on social upliftment and sustainable development. It provides emergency aid and rehabilitation during natural disasters.",0,0,0,0,1,0,1,1,0,0
63,Kind Hearts 63,Women Empowerment,Jaipur,2020,2792040,3567,555,29520,0.96,134,0.2,"Kind Hearts 63 works in the area of Women Empowerment in Jaipur. Founded in 2020, it focuses on social upliftment and sustainable development.",0,0,0,0,1,0,0,0,0,0
64,Helping Network 64,"Environment, Child Welfare, Disaster Relief",Delhi,2012,3065345,3286,933,28593,0.61,253,0.84,"Helping Network 64 works in the area of Environment, Child Welfare, Disaster Relief in Delhi. Founded in 2012, it focuses on social upliftment and sustainable development. It provides emergency aid and rehabilitation during natural disasters.",0,1,0,0,0,0,1,0,1,0
65,Kind Trust 65,"Child Welfare, Community Development",Delhi,1992,2961554,2274,865,21927,0.92,269,0.18,"Kind Trust 65 works in the area of Child Welfare, Community Development in Delhi. Founded in 1992, it focuses on social upliftment and sustainable development.",0,0,0,0,0,0,0,1,1,0
66,Kind Network 66,Education,Jaipur,1985,3175273,2708,250,41797,0.86,140,0.2,"Kind Network 66 works in the area of Education in Jaipur. Founded in 1985, it focuses on social upliftment and sustainable development.",1,0,0,0,0,0,0,0,0,0
67,Kind Trust 67,"Women Empowerment, Animal Welfare, Disaster Relief",Kolkata,2003,4846542,3538,899,1427,0.91,270,0.05,"Kind Trust 67 works in the area of Women Empowerment, Animal Welfare, Disaster Relief in Kolkata. Founded in 2003, it focuses on social upliftment and sustainable development. It provides emergency aid and rehabilitation during natural disasters.",0,0,0,0,1,1,1,0,0,0
68,Care Hands 68,"Disaster Relief, Community Development, Animal Welfare",Chennai,2002,4057856,3649,191,8933,0.88,444,0.1,"Care Hands 68 works in the area of Disaster Relief, Community Development, Animal Welfare in Chennai. Founded in 2002, it focuses on social upliftment and sustainable development. It provides emergency aid and rehabilitation during natural disasters.",0,0,0,0,0,1,1,1,0,0
69,Kind Hearts 69,"Women Empowerment, Environment, Healthcare",Kolkata,1989,2366095,2329,586,21156,0.82,324,0.93,"Kind Hearts 69 works in the area of Women Empowerment, Environment, Healthcare in Kolkata. Founded in 1989, it focuses on social upliftment and sustainable development.",0,1,1,0,1,0,0,0,0,0
70,Hope Foundation 70,"Disaster Relief, Child Welfare, Animal Welfare",Jaipur,1997,3327703,1993,413,12756,0.9,30,0.33,"Hope Foundation 70 works in the area of Disaster Relief, Child Welfare, Animal Welfare in Jaipur. Founded in 1997, it focuses on social upliftment and sustainable development. It provides emergency aid and rehabilitation during natural disasters.",0,0,0,0,0,1,1,0,1,0
71,Support Group 71,"Child Welfare, Community Development, Disaster Relief",Lucknow,1981,424488,560,624,25543,0.87,184,0.02,"Support Group 71 works in the area of Child Welfare, Community Development, Disaster Relief in Lucknow. Founded in 1981, it focuses on social upliftment and sustainable development. It provides emergency aid and rehabilitation during natural disasters.",0,0,0,0,0,0,1,1,1,0
72,Care Foundation 72,"Education, Child Welfare, Environment, Disaster Relief",Hyderabad,2007,4036406,1571,800,19951,0.66,475,-0.07,"Care Foundation 72 works in the area of Education, Child Welfare, Environment, Disaster Relief in Hyderabad. Founded in 2007, it focuses on social upliftment and sustainable development. It provides emergency aid and rehabilitation during natural disasters.",1,1,0,0,0,0,1,0,1,0
73,Uplift Group 73,"Elderly Support, Animal Welfare, Education",Mumbai,2012,2884671,625,421,16735,0.81,215,0,"Uplift Group 73 works in the area of Elderly Support, Animal Welfare, Education in Mumbai. Founded in 2012, it focuses on social upliftment and sustainable development.",1,0,0,0,0,1,0,0,0,1
74,Helping Network 74,Community Development,Kolkata,1989,3742272,3249,177,18894,0.59,483,0.91,"Helping Network 74 works in the area of Community Development in Kolkata. Founded in 1989, it focuses on social upliftment and sustainable development.",0,0,0,0,0,0,0,1,0,0
75,Helping Hands 75,"Hunger Relief, Healthcare, Women Empowerment",Pune,2008,1617499,1196,945,25334,0.8,114,0.75,"Helping Hands 75 works in the area of Hunger Relief, Healthcare, Women Empowerment in Pune. Founded in 2008, it focuses on social upliftment and sustainable development.",0,0,1,1,1,0,0,0,0,0
76,Aid Hands 76,"Animal Welfare, Child Welfare, Hunger Relief, Disaster Relief",Bangalore,1991,528536,4111,173,47996,0.72,307,0.55,"Aid Hands 76 works in the area of Animal Welfare, Child Welfare, Hunger Relief, Disaster Relief in Bangalore. Founded in 1991, it focuses on social upliftment and sustainable development. It provides emergency aid and rehabilitation during natural disasters.",0,0,0,1,0,1,1,0,1,0
77,Uplift Network 77,"Hunger Relief, Disaster Relief",Pune,2006,2789727,3677,926,38356,0.59,235,0.33,"Uplift Network 77 works in the area of Hunger Relief, Disaster Relief in Pune. Founded in 2006, it focuses on social upliftment and sustainable development. It provides emergency aid and rehabilitation during natural disasters.",0,0,0,1,0,0,1,0,0,0
78,Helping Trust 78,Education,Mumbai,1980,670666,953,165,27496,0.79,157,0.41,"Helping Trust 78 works in the area of Education in Mumbai. Founded in 1980, it focuses on social upliftment and sustainable development.",1,0,0,0,0,0,0,0,0,0
79,Helping Hands 79,Elderly Support,Bangalore,1992,1053740,2886,702,1765,0.95,14,0.44,"Helping Hands 79 works in the area of Elderly Support in Bangalore. Founded in 1992, it focuses on social upliftment and sustainable development.",0,0,0,0,0,0,0,0,0,1
80,Kind Hands 80,"Healthcare, Community Development, Elderly Support",Mumbai,1997,2817705,890,450,42207,0.71,371,0.71,"Kind Hands 80 works in the area of Healthcare, Community Development, Elderly Support in Mumbai. Founded in 1997, it focuses on social upliftment and sustainable development.",0,0,1,0,0,0,0,1,0,1
81,Support Trust 81,"Community Development, Disaster Relief, Education",Chennai,1983,2193339,3170,28,46248,0.6,456,0.2,"Support Trust 81 works in the area of Community Development, Disaster Relief, Education in Chennai. Founded in 1983, it focuses on social upliftment and sustainable development. It provides emergency aid and rehabilitation during natural disasters.",1,0,0,0,0,0,1,1,0,0
82,Relief Network 82,"Healthcare, Education, Women Empowerment, Disaster Relief",Chennai,2006,2353997,509,663,18398,0.55,146,0.6,"Relief Network 82 works in the area of Healthcare, Education, Women Empowerment, Disaster Relief in Chennai. Founded in 2006, it focuses on social upliftment and sustainable development. It provides emergency aid and rehabilitation during natural disasters.",1,0,1,0,1,0,1,0,0,0
83,Helping Hearts 83,Animal Welfare,Delhi,2013,4946831,887,24,5990,0.62,390,-0.03,"Helping Hearts 83 works in the area of Animal Welfare in Delhi. Founded in 2013, it focuses on social upliftment and sustainable development.",0,0,0,0,0,1,0,0,0,0
84,Uplift Hands 84,"Education, Animal Welfare",Pune,1982,349899,4106,866,40457,0.71,250,0.36,"Uplift Hands 84 works in the area of Education, Animal Welfare in Pune. Founded in 1982, it focuses on social upliftment and sustainable development.",1,0,0,0,0,1,0,0,0,0
85,Support Network 85,"Healthcare, Disaster Relief",Jaipur,1989,912221,3305,465,15548,0.96,364,0.48,"Support Network 85 works in the area of Healthcare, Disaster Relief in Jaipur. Founded in 1989, it focuses on social upliftment and sustainable development. It provides emergency aid and rehabilitation during natural disasters.",0,0,1,0,0,0,1,0,0,0
86,Kind Trust 86,"Community Development, Disaster Relief, Child Welfare",Bangalore,1988,4251059,1550,487,3761,0.72,470,-0.04,"Kind Trust 86 works in the area of Community Development, Disaster Relief, Child Welfare in Bangalore. Founded in 1988, it focuses on social upliftment and sustainable development. It provides emergency aid and rehabilitation during natural disasters.",0,0,0,0,0,0,1,1,1,0
87,Support Trust 87,"Disaster Relief, Healthcare, Education",Kolkata,2021,412841,1446,20,1525,0.64,159,0.71,"Support Trust 87 works in the area of Disaster Relief, Healthcare, Education in Kolkata. Founded in 2021, it focuses on social upliftment and sustainable development. It provides emergency aid and rehabilitation during natural disasters.",1,0,1,0,0,0,1,0,0,0
88,Care Hearts 88,Education,Mumbai,1985,1149630,1693,180,6457,0.97,119,0.35,"Care Hearts 88 works in the area of Education in Mumbai. Founded in 1985, it focuses on social upliftment and sustainable development.",1,0,0,0,0,0,0,0,0,0
89,Helping Foundation 89,"Environment, Animal Welfare, Healthcare",Pune,1992,2631939,2525,593,7980,0.73,164,0.09,"Helping Foundation 89 works in the area of Environment, Animal Welfare, Healthcare in Pune. Founded in 1992, it focuses on social upliftment and sustainable development.",0,1,1,0,0,1,0,0,0,0
90,Relief Hearts 90,"Women Empowerment, Hunger Relief, Disaster Relief",Pune,1992,2504215,2134,416,40316,0.86,376,-0.03,"Relief Hearts 90 works in the area of Women Empowerment, Hunger Relief, Disaster Relief in Pune. Founded in 1992, it focuses on social upliftment and sustainable development. It provides emergency aid and rehabilitation during natural disasters.",0,0,0,1,1,0,1,0,0,0
91,Aid Network 91,"Hunger Relief, Education, Community Development, Disaster Relief",Chennai,2017,4658505,4945,949,36905,0.94,474,0.3,"Aid Network 91 works in the area of Hunger Relief, Education, Community Development, Disaster Relief in Chennai. Founded in 2017, it focuses on social upliftment and sustainable development. It provides emergency aid and rehabilitation during natural disasters.",1,0,0,1,0,0,1,1,0,0
92,Helping Hearts 92,Hunger Relief,Bangalore,1995,3789559,3504,241,7494,0.74,45,0.57,"Helping Hearts 92 works in the area of Hunger Relief in Bangalore. Founded in 1995, it focuses on social upliftment and sustainable development.",0,0,0,1,0,0,0,0,0,0
93,Kind Hearts 93,"Elderly Support, Women Empowerment, Hunger Relief, Disaster Relief",Lucknow,1985,3176731,2798,818,526,0.81,287,0.5,"Kind Hearts 93 works in the area of Elderly Support, Women Empowerment, Hunger Relief, Disaster Relief in Lucknow. Founded in 1985, it focuses on social upliftment and sustainable development. It provides emergency aid and rehabilitation during natural disasters.",0,0,0,1,1,0,1,0,0,1
94,Care Group 94,"Animal Welfare, Disaster Relief",Jaipur,1984,677800,4850,582,25627,0.88,70,0.04,"Care Group 94 works in the area of Animal Welfare, Disaster Relief in Jaipur. Founded in 1984, it focuses on social upliftment and sustainable development. It provides emergency aid and rehabilitation during natural disasters.",0,0,0,0,0,1,1,0,0,0
95,Uplift Hands 95,"Elderly Support, Environment",Pune,2014,3349605,3158,647,27711,0.8,372,0.24,"Uplift Hands 95 works in the area of Elderly Support, Environment in Pune. Founded in 2014, it focuses on social upliftment and sustainable development.",0,1,0,0,0,0,0,0,0,1
96,Hope Group 96,"Education, Disaster Relief",Jaipur,2001,3947580,2038,657,28121,0.57,290,0.79,"Hope Group 96 works in the area of Education, Disaster Relief in Jaipur. Founded in 2001, it focuses on social upliftment and sustainable development. It provides emergency aid and rehabilitation during natural disasters.",1,0,0,0,0,0,1,0,0,0
97,Aid Hearts 97,"Child Welfare, Community Development",Jaipur,1980,4178730,1043,159,22642,0.6,144,-0.02,"Aid Hearts 97 works in the area of Child Welfare, Community Development in Jaipur. Founded in 1980, it focuses on social upliftment and sustainable development.",0,0,0,0,0,0,0,1,1,0
98,Aid Group 98,"Disaster Relief, Child Welfare, Animal Welfare",Pune,2001,4481916,3008,462,23745,0.98,472,0.43,"Aid Group 98 works in the area of Disaster Relief, Child Welfare, Animal Welfare in Pune. Founded in 2001, it focuses on social upliftment and sustainable development. It provides emergency aid and rehabilitation during natural disasters.",0,0,0,0,0,1,1,0,1,0
99,Uplift Hearts 99,"Environment, Healthcare, Elderly Support",Jaipur,1997,4243951,4943,880,38266,0.65,77,0.04,"Uplift Hearts 99 works in the area of Environment, Healthcare, Elderly Support in Jaipur. Founded in 1997, it focuses on social upliftment and sustainable development.",0,1,1,0,0,0,0,0,0,1
100,Aid Foundation 100,"Healthcare, Education, Environment",Jaipur,1998,4946313,899,302,32648,0.74,78,0.65,"Aid Foundation 100 works in the area of Healthcare, Education, Environment in Jaipur. Founded in 1998, it focuses on social upliftment and sustainable development.",1,1,1,0,0,0,0,0,0,0
101,Aid Trust 101,"Elderly Support, Disaster Relief",Delhi,1991,1142144,2819,516,34060,0.61,350,0.54,"Aid Trust 101 works in the area of Elderly Support, Disaster Relief in Delhi. Founded in 1991, it focuses on social upliftment and sustainable development. It provides emergency aid and rehabilitation during natural disasters.",0,0,0,0,0,0,1,0,0,1
102,Relief Foundation 102,"Environment, Women Empowerment, Animal Welfare",Chennai,2011,4094322,1429,506,15271,0.97,159,0.96,"Relief Foundation 102 works in the area of Environment, Women Empowerment, Animal Welfare in Chennai. Founded in 2011, it focuses on social upliftment and sustainable development.",0,1,0,0,1,1,0,0,0,0
103,Hope Trust 103,"Hunger Relief, Women Empowerment, Environment, Disaster Relief",Delhi,2012,4597643,1736,46,18231,0.76,90,0.1,"Hope Trust 103 works in the area of Hunger Relief, Women Empowerment, Environment, Disaster Relief in Delhi. Founded in 2012, it focuses on social upliftment and sustainable development. It provides emergency aid and rehabilitation during natural disasters.",0,1,0,1,1,0,1,0,0,0
104,Relief Hearts 104,"Community Development, Disaster Relief",Bangalore,2016,1865458,3953,659,44863,0.82,457,0.27,"Relief Hearts 104 works in the area of Community Development, Disaster Relief in Bangalore. Founded in 2016, it focuses on social upliftment and sustainable development. It provides emergency aid and rehabilitation during natural disasters.",0,0,0,0,0,0,1,1,0,0
105,Helping Hands 105,"Women Empowerment, Disaster Relief",Kolkata,1994,3635133,2242,415,18248,0.53,215,0.2,"Helping Hands 105 works in the area of Women Empowerment, Disaster Relief in Kolkata. Founded in 1994, it focuses on social upliftment and sustainable development. It provides emergency aid and rehabilitation during natural disasters.",0,0,0,0,1,0,1,0,0,0
106,Relief Foundation 106,"Community Development, Education",Jaipur,2008,685227,107,402,44306,0.53,248,0.62,"Relief Foundation 106 works in the area of Community Development, Education in Jaipur. Founded in 2008, it focuses on social upliftment and sustainable development.",1,0,0,0,0,0,0,1,0,0
107,Support Network 107,"Healthcare, Disaster Relief",Mumbai,2002,4140262,1167,208,20493,0.86,215,0.22,"Support Network 107 works in the area of Healthcare, Disaster Relief in Mumbai. Founded in 2002, it focuses on social upliftment and sustainable development. It provides emergency aid and rehabilitation during natural disasters.",0,0,1,0,0,0,1,0,0,0
108,Kind Hands 108,"Healthcare, Women Empowerment, Disaster Relief",Hyderabad,1980,4571074,4831,105,40391,0.6,498,0.43,"Kind Hands 108 works in the area of Healthcare, Women Empowerment, Disaster Relief in Hyderabad. Founded in 1980, it focuses on social upliftment and sustainable development. It provides emergency aid and rehabilitation during natural disasters.",0,0,1,0,1,0,1,0,0,0
109,Helping Hands 109,"Child Welfare, Disaster Relief, Animal Welfare",Chennai,1993,1788853,1072,492,41321,1,472,-0.1,"Helping Hands 109 works in the area of Child Welfare, Disaster Relief, Animal Welfare in Chennai. Founded in 1993, it focuses on social upliftment and sustainable development. It provides emergency aid and rehabilitation during natural disasters.",0,0,0,0,0,1,1,0,1,0
110,Relief Trust 110,"Hunger Relief, Community Development, Child Welfare",Ahmedabad,2000,346154,2935,726,39153,0.7,99,0.59,"Relief Trust 110 works in the area of Hunger Relief, Community Development, Child Welfare in Ahmedabad. Founded in 2000, it focuses on social upliftment and sustainable development.",0,0,0,1,0,0,0,1,1,0
111,Care Hands 111,Animal Welfare,Lucknow,1989,3622593,2347,872,23186,0.58,451,0.41,"Care Hands 111 works in the area of Animal Welfare in Lucknow. Founded in 1989, it focuses on social upliftment and sustainable development.",0,0,0,0,0,1,0,0,0,0
112,Care Trust 112,"Healthcare, Education",Lucknow,1998,385409,4577,268,15240,0.9,55,0.78,"Care Trust 112 works in the area of Healthcare, Education in Lucknow. Founded in 1998, it focuses on social upliftment and sustainable development.",1,0,1,0,0,0,0,0,0,0
113,Aid Group 113,"Hunger Relief, Elderly Support, Community Development",Lucknow,2011,1973536,2818,429,12641,0.57,192,0.9,"Aid Group 113 works in the area of Hunger Relief, Elderly Support, Community Development in Lucknow. Founded in 2011, it focuses on social upliftment and sustainable development.",0,0,0,1,0,0,0,1,0,1
114,Aid Foundation 114,Hunger Relief,Hyderabad,1989,4646338,2862,529,4119,0.6,128,0.68,"Aid Foundation 114 works in the area of Hunger Relief in Hyderabad. Founded in 1989, it focuses on social upliftment and sustainable development.",0,0,0,1,0,0,0,0,0,0
115,Aid Group 115,Healthcare,Mumbai,1984,3295425,1331,684,27866,0.58,177,0.16,"Aid Group 115 works in the area of Healthcare in Mumbai. Founded in 1984, it focuses on social upliftment and sustainable development.",0,0,1,0,0,0,0,0,0,0
116,Hope Foundation 116,Hunger Relief,Jaipur,2014,1805406,3239,162,21680,0.63,103,-0.07,"Hope Foundation 116 works in the area of Hunger Relief in Jaipur. Founded in 2014, it focuses on social upliftment and sustainable development.",0,0,0,1,0,0,0,0,0,0
117,Uplift Network 117,Community Development,Delhi,2005,2846168,2173,344,31476,0.67,240,0.5,"Uplift Network 117 works in the area of Community Development in Delhi. Founded in 2005, it focuses on social upliftment and sustainable development.",0,0,0,0,0,0,0,1,0,0
118,Support Foundation 118,"Women Empowerment, Environment, Hunger Relief, Disaster Relief",Lucknow,2007,263274,2676,784,17723,0.54,53,0,"Support Foundation 118 works in the area of Women Empowerment, Environment, Hunger Relief, Disaster Relief in Lucknow. Founded in 2007, it focuses on social upliftment and sustainable development. It provides emergency aid and rehabilitation during natural disasters.",0,1,0,1,1,0,1,0,0,0
119,Uplift Foundation 119,"Education, Community Development",Hyderabad,1998,4125659,1575,821,33826,0.61,311,0.85,"Uplift Foundation 119 works in the area of Education, Community Development in Hyderabad. Founded in 1998, it focuses on social upliftment and sustainable development.",1,0,0,0,0,0,0,1,0,0
120,Helping Trust 120,"Women Empowerment, Child Welfare, Disaster Relief",Jaipur,2015,4687018,1842,424,19290,0.84,170,0.08,"Helping Trust 120 works in the area of Women Empowerment, Child Welfare, Disaster Relief in Jaipur. Founded in 2015, it focuses on social upliftment and sustainable development. It provides emergency aid and rehabilitation during natural disasters.",0,0,0,0,1,0,1,0,1,0
121,Kind Trust 121,Community Development,Delhi,1997,2647747,1766,955,1015,0.91,213,0.5,"Kind Trust 121 works in the area of Community Development in Delhi. Founded in 1997, it focuses on social upliftment and sustainable development.",0,0,0,0,0,0,0,1,0,0
122,Kind Foundation 122,"Healthcare, Disaster Relief, Women Empowerment",Kolkata,1991,2962639,2367,733,30682,0.59,460,0.99,"Kind Foundation 122 works in the area of Healthcare, Disaster Relief, Women Empowerment in Kolkata. Founded in 1991, it focuses on social upliftment and sustainable development. It provides emergency aid and rehabilitation during natural disasters.",0,0,1,0,1,0,1,0,0,0
123,Helping Foundation 123,"Women Empowerment, Animal Welfare",Hyderabad,1981,3715165,4307,691,685,0.76,386,0.12,"Helping Foundation 123 works in the area of Women Empowerment, Animal Welfare in Hyderabad. Founded in 1981, it focuses on social upliftment and sustainable development.",0,0,0,0,1,1,0,0,0,0
124,Hope Hearts 124,"Elderly Support, Child Welfare, Animal Welfare, Disaster Relief",Kolkata,2010,851409,4890,361,4384,0.67,102,0.32,"Hope Hearts 124 works in the area of Elderly Support, Child Welfare, Animal Welfare, Disaster Relief in Kolkata. Founded in 2010, it focuses on social upliftment and sustainable development. It provides emergency aid and rehabilitation during natural disasters.",0,0,0,0,0,1,1,0,1,1
125,Support Network 125,"Disaster Relief, Animal Welfare",Ahmedabad,1987,4902473,599,979,16437,0.86,322,0.7,"Support Network 125 works in the area of Disaster Relief, Animal Welfare in Ahmedabad. Founded in 1987, it focuses on social upliftment and sustainable development. It provides emergency aid and rehabilitation during natural disasters.",0,0,0,0,0,1,1,0,0,0
126,Support Hearts 126,"Education, Animal Welfare",Lucknow,1983,3164818,1980,31,25217,0.78,17,0.91,"Support Hearts 126 works in the area of Education, Animal Welfare in Lucknow. Founded in 1983, it focuses on social upliftment and sustainable development.",1,0,0,0,0,1,0,0,0,0
127,Uplift Hands 127,"Hunger Relief, Disaster Relief",Kolkata,2005,3262420,3705,281,26309,0.93,314,0.87,"Uplift Hands 127 works in the area of Hunger Relief, Disaster Relief in Kolkata. Founded in 2005, it focuses on social upliftment and sustainable development. It provides emergency aid and rehabilitation during natural disasters.",0,0,0,1,0,0,1,0,0,0
128,Care Hands 128,"Child Welfare, Animal Welfare",Bangalore,2000,1280548,4900,472,8980,0.86,320,0.01,"Care Hands 128 works in the area of Child Welfare, Animal Welfare in Bangalore. Founded in 2000, it focuses on social upliftment and sustainable development.",0,0,0,0,0,1,0,0,1,0
129,Care Foundation 129,Education,Ahmedabad,2014,3652157,4347,320,26811,0.57,311,0.83,"Care Foundation 129 works in the area of Education in Ahmedabad. Founded in 2014, it focuses on social upliftment and sustainable development.",1,0,0,0,0,0,0,0,0,0
130,Kind Foundation 130,Animal Welfare,Mumbai,2010,1930924,4350,261,30263,0.57,431,0.66,"Kind Foundation 130 works in the area of Animal Welfare in Mumbai. Founded in 2010, it focuses on social upliftment and sustainable development.",0,0,0,0,0,1,0,0,0,0
131,Kind Network 131,"Healthcare, Hunger Relief, Community Development",Ahmedabad,1996,4696907,956,165,13650,0.83,365,0.13,"Kind Network 131 works in the area of Healthcare, Hunger Relief, Community Development in Ahmedabad. Founded in 1996, it focuses on social upliftment and sustainable development.",0,0,1,1,0,0,0,1,0,0
132,Support Hearts 132,"Women Empowerment, Education, Community Development",Ahmedabad,2001,3338886,4083,658,41418,0.79,399,0.27,"Support Hearts 132 works in the area of Women Empowerment, Education, Community Development in Ahmedabad. Founded in 2001, it focuses on social upliftment and sustainable development.",1,0,0,0,1,0,0,1,0,0
133,Aid Hands 133,Elderly Support,Lucknow,2017,1346565,4242,266,24552,0.57,173,0.28,"Aid Hands 133 works in the area of Elderly Support in Lucknow. Founded in 2017, it focuses on social upliftment and sustainable development.",0,0,0,0,0,0,0,0,0,1
134,Aid Group 134,"Healthcare, Community Development",Lucknow,2005,368916,712,794,19190,0.7,401,0.34,"Aid Group 134 works in the area of Healthcare, Community Development in Lucknow. Founded in 2005, it focuses on social upliftment and sustainable development.",0,0,1,0,0,0,0,1,0,0
135,Relief Hands 135,"Women Empowerment, Education",Kolkata,2000,2889314,4577,365,4865,0.62,443,0.59,"Relief Hands 135 works in the area of Women Empowerment, Education in Kolkata. Founded in 2000, it focuses on social upliftment and sustainable development.",1,0,0,0,1,0,0,0,0,0
136,Kind Trust 136,"Healthcare, Women Empowerment, Education",Bangalore,2007,3940988,4477,247,14286,0.87,385,0.12,"Kind Trust 136 works in the area of Healthcare, Women Empowerment, Education in Bangalore. Founded in 2007, it focuses on social upliftment and sustainable development.",1,0,1,0,1,0,0,0,0,0
137,Aid Foundation 137,"Hunger Relief, Environment, Education",Jaipur,2020,590124,500,738,6815,0.82,420,0.47,"Aid Foundation 137 works in the area of Hunger Relief, Environment, Education in Jaipur. Founded in 2020, it focuses on social upliftment and sustainable development.",1,1,0,1,0,0,0,0,0,0
138,Care Hearts 138,Disaster Relief,Pune,1991,675027,4803,192,31409,0.59,490,0.99,"Care Hearts 138 works in the area of Disaster Relief in Pune. Founded in 1991, it focuses on social upliftment and sustainable development. It provides emergency aid and rehabilitation during natural disasters.",0,0,0,0,0,0,1,0,0,0
139,Aid Hands 139,"Child Welfare, Women Empowerment, Environment",Jaipur,1987,2038954,1558,601,40509,0.69,474,0.09,"Aid Hands 139 works in the area of Child Welfare, Women Empowerment, Environment in Jaipur. Founded in 1987, it focuses on social upliftment and sustainable development.",0,1,0,0,1,0,0,0,1,0
140,Aid Hands 140,"Animal Welfare, Women Empowerment, Disaster Relief",Lucknow,1999,1827739,473,528,1492,0.76,455,-0.09,"Aid Hands 140 works in the area of Animal Welfare, Women Empowerment, Disaster Relief in Lucknow. Founded in 1999, it focuses on social upliftment and sustainable development. It provides emergency aid and rehabilitation during natural disasters.",0,0,0,0,1,1,1,0,0,0
141,Uplift Network 141,Community Development,Kolkata,2000,2071616,4539,76,6081,0.52,140,0.49,"Uplift Network 141 works in the area of Community Development in Kolkata. Founded in 2000, it focuses on social upliftment and sustainable development.",0,0,0,0,0,0,0,1,0,0
142,Support Hands 142,"Healthcare, Disaster Relief",Kolkata,1996,1388001,1860,56,36612,0.67,460,-0.04,"Support Hands 142 works in the area of Healthcare, Disaster Relief in Kolkata. Founded in 1996, it focuses on social upliftment and sustainable development. It provides emergency aid and rehabilitation during natural disasters.",0,0,1,0,0,0,1,0,0,0
143,Care Network 143,"Elderly Support, Disaster Relief",Jaipur,1998,1660075,3038,508,30333,0.88,429,0.26,"Care Network 143 works in the area of Elderly Support, Disaster Relief in Jaipur. Founded in 1998, it focuses on social upliftment and sustainable development. It provides emergency aid and rehabilitation during natural disasters.",0,0,0,0,0,0,1,0,0,1
144,Care Trust 144,"Healthcare, Child Welfare, Disaster Relief",Mumbai,1996,4343713,3252,550,10380,0.59,306,0,"Care Trust 144 works in the area of Healthcare, Child Welfare, Disaster Relief in Mumbai. Founded in 1996, it focuses on social upliftment and sustainable development. It provides emergency aid and rehabilitation during natural disasters.",0,0,1,0,0,0,1,0,1,0
145,Support Hands 145,"Child Welfare, Elderly Support",Delhi,2021,1456275,2530,420,6231,0.84,276,0.58,"Support Hands 145 works in the area of Child Welfare, Elderly Support in Delhi. Founded in 2021, it focuses on social upliftment and sustainable development.",0,0,0,0,0,0,0,0,1,1
146,Helping Hands 146,"Child Welfare, Elderly Support",Pune,1986,2076585,3775,458,27330,0.99,440,0.75,"Helping Hands 146 works in the area of Child Welfare, Elderly Support in Pune. Founded in 1986, it focuses on social upliftment and sustainable development.",0,0,0,0,0,0,0,0,1,1
147,Kind Foundation 147,Healthcare,Bangalore,1990,2084948,3773,213,41509,0.59,146,0.56,"Kind Foundation 147 works in the area of Healthcare in Bangalore. Founded in 1990, it focuses on social upliftment and sustainable development.",0,0,1,0,0,0,0,0,0,0
148,Kind Hearts 148,"Community Development, Animal Welfare, Hunger Relief",Pune,2015,3764559,2315,703,1370,0.69,123,0.5,"Kind Hearts 148 works in the area of Community Development, Animal Welfare, Hunger Relief in Pune. Founded in 2015, it focuses on social upliftment and sustainable development.",0,0,0,1,0,1,0,1,0,0
149,Support Foundation 149,"Child Welfare, Healthcare, Hunger Relief",Lucknow,1989,1711765,984,944,24085,0.88,118,0.02,"Support Foundation 149 works in the area of Child Welfare, Healthcare, Hunger Relief in Lucknow. Founded in 1989, it focuses on social upliftment and sustainable development.",0,0,1,1,0,0,0,0,1,0
150,Helping Hearts 150,"Child Welfare, Disaster Relief",Bangalore,2007,3282634,2364,779,21045,0.98,268,0.8,"Helping Hearts 150 works in the area of Child Welfare, Disaster Relief in Bangalore. Founded in 2007, it focuses on social upliftment and sustainable development. It provides emergency aid and rehabilitation during natural disasters.",0,0,0,0,0,0,1,0,1,0
151,Hope Hearts 151,"Hunger Relief, Healthcare",Pune,2001,774419,1253,271,4047,0.98,342,-0.05,"Hope Hearts 151 works in the area of Hunger Relief, Healthcare in Pune. Founded in 2001, it focuses on social upliftment and sustainable development.",0,0,1,1,0,0,0,0,0,0
152,Kind Hands 152,Education,Jaipur,1989,3344295,1333,84,4503,0.91,60,0.28,"Kind Hands 152 works in the area of Education in Jaipur. Founded in 1989, it focuses on social upliftment and sustainable development.",1,0,0,0,0,0,0,0,0,0
153,Support Network 153,"Child Welfare, Animal Welfare",Chennai,2006,264420,1326,529,6964,0.66,234,0.29,"Support Network 153 works in the area of Child Welfare, Animal Welfare in Chennai. Founded in 2006, it focuses on social upliftment and sustainable development.",0,0,0,0,0,1,0,0,1,0
154,Relief Hearts 154,"Environment, Disaster Relief, Elderly Support",Mumbai,2001,4546618,2670,257,11816,0.86,76,-0.09,"Relief Hearts 154 works in the area of Environment, Disaster Relief, Elderly Support in Mumbai. Founded in 2001, it focuses on social upliftment and sustainable development. It provides emergency aid and rehabilitation during natural disasters.",0,1,0,0,0,0,1,0,0,1
155,Care Group 155,"Elderly Support, Animal Welfare, Disaster Relief",Pune,1981,1393582,514,275,23819,0.61,321,0.89,"Care Group 155 works in the area of Elderly Support, Animal Welfare, Disaster Relief in Pune. Founded in 1981, it focuses on social upliftment and sustainable development. It provides emergency aid and rehabilitation during natural disasters.",0,0,0,0,0,1,1,0,0,1
156,Kind Hearts 156,Animal Welfare,Bangalore,1999,4234927,1388,213,7485,0.8,414,0.85,"Kind Hearts 156 works in the area of Animal Welfare in Bangalore. Founded in 1999, it focuses on social upliftment and sustainable development.",0,0,0,0,0,1,0,0,0,0
157,Uplift Group 157,Elderly Support,Lucknow,2010,1695647,4961,274,1802,0.79,463,-0.08,"Uplift Group 157 works in the area of Elderly Support in Lucknow. Founded in 2010, it focuses on social upliftment and sustainable development.",0,0,0,0,0,0,0,0,0,1
158,Helping Network 158,Animal Welfare,Jaipur,2017,506103,2361,36,22040,0.69,16,-0.01,"Helping Network 158 works in the area of Animal Welfare in Jaipur. Founded in 2017, it focuses on social upliftment and sustainable development.",0,0,0,0,0,1,0,0,0,0
159,Kind Hearts 159,"Community Development, Women Empowerment",Chennai,1986,2582481,2533,899,587,0.68,324,0.39,"Kind Hearts 159 works in the area of Community Development, Women Empowerment in Chennai. Founded in 1986, it focuses on social upliftment and sustainable development.",0,0,0,0,1,0,0,1,0,0
160,Aid Hands 160,"Education, Healthcare, Elderly Support, Disaster Relief",Pune,1983,1961311,3854,297,9047,0.92,419,0.75,"Aid Hands 160 works in the area of Education, Healthcare, Elderly Support, Disaster Relief in Pune. Founded in 1983, it focuses on social upliftment and sustainable development. It provides emergency aid and rehabilitation during natural disasters.",1,0,1,0,0,0,1,0,0,1
161,Hope Hands 161,"Women Empowerment, Environment, Disaster Relief",Mumbai,2022,190741,713,778,11348,0.95,171,0.74,"Hope Hands 161 works in the area of Women Empowerment, Environment, Disaster Relief in Mumbai. Founded in 2022, it focuses on social upliftment and sustainable development. It provides emergency aid and rehabilitation during natural disasters.",0,1,0,0,1,0,1,0,0,0
162,Care Trust 162,"Environment, Animal Welfare, Disaster Relief",Pune,2005,4950990,1597,491,38312,0.65,309,0.07,"Care Trust 162 works in the area of Environment, Animal Welfare, Disaster Relief in Pune. Founded in 2005, it focuses on social upliftment and sustainable development. It provides emergency aid and rehabilitation during natural disasters.",0,1,0,0,0,1,1,0,0,0
163,Helping Hearts 163,"Hunger Relief, Child Welfare",Chennai,1992,3721055,2488,556,37871,0.78,481,0.13,"Helping Hearts 163 works in the area of Hunger Relief, Child Welfare in Chennai. Founded in 1992, it focuses on social upliftment and sustainable development.",0,0,0,1,0,0,0,0,1,0
164,Kind Network 164,"Hunger Relief, Disaster Relief",Ahmedabad,2001,1451741,1466,610,38373,0.99,497,-0.1,"Kind Network 164 works in the area of Hunger Relief, Disaster Relief in Ahmedabad. Founded in 2001, it focuses on social upliftment and sustainable development. It provides emergency aid and rehabilitation during natural disasters.",0,0,0,1,0,0,1,0,0,0
165,Care Network 165,"Women Empowerment, Disaster Relief",Jaipur,2013,3797112,3097,556,37858,0.51,265,0.23,"Care Network 165 works in the area of Women Empowerment, Disaster Relief in Jaipur. Founded in 2013, it focuses on social upliftment and sustainable development. It provides emergency aid and rehabilitation during natural disasters.",0,0,0,0,1,0,1,0,0,0
166,Uplift Network 166,"Environment, Elderly Support",Kolkata,2021,2514239,4517,313,10049,0.8,62,0.08,"Uplift Network 166 works in the area of Environment, Elderly Support in Kolkata. Founded in 2021, it focuses on social upliftment and sustainable development.",0,1,0,0,0,0,0,0,0,1
167,Support Trust 167,"Community Development, Child Welfare",Mumbai,2008,4038038,2011,91,7125,0.74,360,-0.02,"Support Trust 167 works in the area of Community Development, Child Welfare in Mumbai. Founded in 2008, it focuses on social upliftment and sustainable development.",0,0,0,0,0,0,0,1,1,0
168,Helping Trust 168,Environment,Bangalore,2013,3132347,835,339,47116,0.98,148,0.83,"Helping Trust 168 works in the area of Environment in Bangalore. Founded in 2013, it focuses on social upliftment and sustainable development.",0,1,0,0,0,0,0,0,0,0
169,Aid Foundation 169,"Child Welfare, Environment, Hunger Relief, Disaster Relief",Pune,1992,3186065,209,676,3880,0.59,56,0.32,"Aid Foundation 169 works in the area of Child Welfare, Environment, Hunger Relief, Disaster Relief in Pune. Founded in 1992, it focuses on social upliftment and sustainable development. It provides emergency aid and rehabilitation during natural disasters.",0,1,0,1,0,0,1,0,1,0
170,Support Hearts 170,Hunger Relief,Kolkata,2015,1756007,2791,536,20719,0.77,364,0.08,"Support Hearts 170 works in the area of Hunger Relief in Kolkata. Founded in 2015, it focuses on social upliftment and sustainable development.",0,0,0,1,0,0,0,0,0,0
171,Relief Group 171,Environment,Chennai,1992,429293,2978,117,36112,0.7,488,0.82,"Relief Group 171 works in the area of Environment in Chennai. Founded in 1992, it focuses on social upliftment and sustainable development.",0,1,0,0,0,0,0,0,0,0
172,Helping Network 172,"Healthcare, Women Empowerment, Disaster Relief",Kolkata,2010,3335513,4124,133,22323,0.79,75,0.36,"Helping Network 172 works in the area of Healthcare, Women Empowerment, Disaster Relief in Kolkata. Founded in 2010, it focuses on social upliftment and sustainable development. It provides emergency aid and rehabilitation during natural disasters.",0,0,1,0,1,0,1,0,0,0
173,Kind Group 173,Women Empowerment,Kolkata,1986,3187122,3079,477,39941,0.98,384,0.2,"Kind Group 173 works in the area of Women Empowerment in Kolkata. Founded in 1986, it focuses on social upliftment and sustainable development.",0,0,0,0,1,0,0,0,0,0
174,Helping Hearts 174,"Education, Community Development, Healthcare",Hyderabad,2002,2858691,3277,844,39003,0.94,259,0.6,"Helping Hearts 174 works in the area of Education, Community Development, Healthcare in Hyderabad. Founded in 2002, it focuses on social upliftment and sustainable development.",1,0,1,0,0,0,0,1,0,0
175,Care Hands 175,"Hunger Relief, Community Development, Animal Welfare",Kolkata,2020,3536263,4763,667,21225,0.67,317,0.79,"Care Hands 175 works in the area of Hunger Relief, Community Development, Animal Welfare in Kolkata. Founded in 2020, it focuses on social upliftment and sustainable development.",0,0,0,1,0,1,0,1,0,0
176,Hope Hands 176,"Elderly Support, Environment, Women Empowerment",Mumbai,2010,4763529,2648,242,2909,0.9,16,0.24,"Hope Hands 176 works in the area of Elderly Support, Environment, Women Empowerment in Mumbai. Founded in 2010, it focuses on social upliftment and sustainable development.",0,1,0,0,1,0,0,0,0,1
177,Support Network 177,"Women Empowerment, Hunger Relief",Hyderabad,1980,1709859,1675,183,42442,0.94,232,0.06,"Support Network 177 works in the area of Women Empowerment, Hunger Relief in Hyderabad. Founded in 1980, it focuses on social upliftment and sustainable development.",0,0,0,1,1,0,0,0,0,0
178,Aid Hands 178,"Education, Community Development, Hunger Relief",Ahmedabad,2009,2385889,3895,833,36927,0.96,482,0.91,"Aid Hands 178 works in the area of Education, Community Development, Hunger Relief in Ahmedabad. Founded in 2009, it focuses on social upliftment and sustainable development.",1,0,0,1,0,0,0,1,0,0
179,Helping Trust 179,Hunger Relief,Kolkata,2021,2780020,2162,187,1595,0.53,430,0.79,"Helping Trust 179 works in the area of Hunger Relief in Kolkata. Founded in 2021, it focuses on social upliftment and sustainable development.",0,0,0,1,0,0,0,0,0,0
180,Kind Trust 180,"Education, Animal Welfare",Kolkata,2004,1465559,1979,148,39320,0.92,438,0.65,"Kind Trust 180 works in the area of Education, Animal Welfare in Kolkata. Founded in 2004, it focuses on social upliftment and sustainable development.",1,0,0,0,0,1,0,0,0,0
181,Kind Foundation 181,"Animal Welfare, Disaster Relief, Healthcare",Mumbai,2007,1014177,3831,145,22865,0.9,88,0.89,"Kind Foundation 181 works in the area of Animal Welfare, Disaster Relief, Healthcare in Mumbai. Founded in 2007, it focuses on social upliftment and sustainable development. It provides emergency aid and rehabilitation during natural disasters.",0,0,1,0,0,1,1,0,0,0
182,Relief Group 182,"Disaster Relief, Elderly Support, Child Welfare",Hyderabad,1999,2040404,1758,109,8466,0.97,229,0.56,"Relief Group 182 works in the area of Disaster Relief, Elderly Support, Child Welfare in Hyderabad. Founded in 1999, it focuses on social upliftment and sustainable development. It provides emergency aid and rehabilitation during natural disasters.",0,0,0,0,0,0,1,0,1,1
183,Kind Hearts 183,"Environment, Women Empowerment",Delhi,2016,4217327,2047,929,27370,0.56,261,0.73,"Kind Hearts 183 works in the area of Environment, Women Empowerment in Delhi. Founded in 2016, it focuses on social upliftment and sustainable development.",0,1,0,0,1,0,0,0,0,0
184,Relief Foundation 184,"Healthcare, Education, Disaster Relief",Jaipur,2006,2816445,97,88,649,0.95,483,0.34,"Relief Foundation 184 works in the area of Healthcare, Education, Disaster Relief in Jaipur. Founded in 2006, it focuses on social upliftment and sustainable development. It provides emergency aid and rehabilitation during natural disasters.",1,0,1,0,0,0,1,0,0,0
185,Aid Hearts 185,"Education, Women Empowerment, Healthcare",Hyderabad,2016,857172,1658,239,17197,0.78,396,0.36,"Aid Hearts 185 works in the area of Education, Women Empowerment, Healthcare in Hyderabad. Founded in 2016, it focuses on social upliftment and sustainable development.",1,0,1,0,1,0,0,0,0,0
186,Helping Hands 186,Hunger Relief,Ahmedabad,2011,835725,1817,983,42725,0.78,217,-0.04,"Helping Hands 186 works in the area of Hunger Relief in Ahmedabad. Founded in 2011, it focuses on social upliftment and sustainable development.",0,0,0,1,0,0,0,0,0,0
187,Kind Hearts 187,"Animal Welfare, Child Welfare, Community Development",Hyderabad,1980,2832775,3711,280,3238,0.75,140,0.27,"Kind Hearts 187 works in the area of Animal Welfare, Child Welfare, Community Development in Hyderabad. Founded in 1980, it focuses on social upliftment and sustainable development.",0,0,0,0,0,1,0,1,1,0
188,Aid Trust 188,"Education, Women Empowerment, Disaster Relief",Jaipur,2001,4329039,1124,666,582,0.56,412,0.5,"Aid Trust 188 works in the area of Education, Women Empowerment, Disaster Relief in Jaipur. Founded in 2001, it focuses on social upliftment and sustainable development. It provides emergency aid and rehabilitation during natural disasters.",1,0,0,0,1,0,1,0,0,0
189,Helping Network 189,Disaster Relief,Chennai,1984,3576732,2843,899,24338,0.64,464,0.46,"Helping Network 189 works in the area of Disaster Relief in Chennai. Founded in 1984, it focuses on social upliftment and sustainable development. It provides emergency aid and rehabilitation during natural disasters.",0,0,0,0,0,0,1,0,0,0
190,Support Foundation 190,"Education, Disaster Relief",Jaipur,2021,567933,1546,128,8449,0.54,263,0.31,"Support Foundation 190 works in the area of Education, Disaster Relief in Jaipur. Founded in 2021, it focuses on social upliftment and sustainable development. It provides emergency aid and rehabilitation during natural disasters.",1,0,0,0,0,0,1,0,0,0
191,Helping Network 191,"Community Development, Elderly Support, Disaster Relief",Lucknow,1985,2322178,1547,661,7306,0.73,207,0.95,"Helping Network 191 works in the area of Community Development, Elderly Support, Disaster Relief in Lucknow. Founded in 1985, it focuses on social upliftment and sustainable development. It provides emergency aid and rehabilitation during natural disasters.",0,0,0,0,0,0,1,1,0,1
192,Uplift Trust 192,"Elderly Support, Community Development",Ahmedabad,2001,1451135,1077,403,36404,0.8,83,0.75,"Uplift Trust 192 works in the area of Elderly Support, Community Development in Ahmedabad. Founded in 2001, it focuses on social upliftment and sustainable development.",0,0,0,0,0,0,0,1,0,1
193,Uplift Group 193,"Environment, Child Welfare",Pune,2022,4589642,370,746,48024,0.74,232,-0.05,"Uplift Group 193 works in the area of Environment, Child Welfare in Pune. Founded in 2022, it focuses on social upliftment and sustainable development.",0,1,0,0,0,0,0,0,1,0
194,Hope Hearts 194,"Healthcare, Hunger Relief, Disaster Relief",Ahmedabad,2008,1487259,4579,134,24238,0.8,395,0.53,"Hope Hearts 194 works in the area of Healthcare, Hunger Relief, Disaster Relief in Ahmedabad. Founded in 2008, it focuses on social upliftment and sustainable development. It provides emergency aid and rehabilitation during natural disasters.",0,0,1,1,0,0,1,0,0,0
195,Support Foundation 195,"Child Welfare, Education, Healthcare",Chennai,2020,2532465,4273,51,47044,0.54,21,0.24,"Support Foundation 195 works in the area of Child Welfare, Education, Healthcare in Chennai. Founded in 2020, it focuses on social upliftment and sustainable development.",1,0,1,0,0,0,0,0,1,0
196,Relief Hearts 196,"Women Empowerment, Environment, Education",Pune,2013,4476099,3660,130,43322,0.9,322,0.19,"Relief Hearts 196 works in the area of Women Empowerment, Environment, Education in Pune. Founded in 2013, it focuses on social upliftment and sustainable development.",1,1,0,0,1,0,0,0,0,0
197,Aid Hands 197,Women Empowerment,Lucknow,1981,2362351,4691,644,1564,0.97,173,0.22,"Aid Hands 197 works in the area of Women Empowerment in Lucknow. Founded in 1981, it focuses on social upliftment and sustainable development.",0,0,0,0,1,0,0,0,0,0
198,Helping Network 198,Community Development,Hyderabad,1988,1676709,552,501,40392,0.87,474,0.6,"Helping Network 198 works in the area of Community Development in Hyderabad. Founded in 1988, it focuses on social upliftment and sustainable development.",0,0,0,0,0,0,0,1,0,0
199,Aid Trust 199,Disaster Relief,Hyderabad,1989,4610493,538,622,35003,0.58,233,0.96,"Aid Trust 199 works in the area of Disaster Relief in Hyderabad. Founded in 1989, it focuses on social upliftment and sustainable development. It provides emergency aid and rehabilitation during natural disasters.",0,0,0,0,0,0,1,0,0,0
200,Uplift Foundation 200,"Hunger Relief, Animal Welfare, Disaster Relief",Mumbai,2015,3473898,1844,499,10099,0.56,250,0.88,"Uplift Foundation 200 works in the area of Hunger Relief, Animal Welfare, Disaster Relief in Mumbai. Founded in 2015, it focuses on social upliftment and sustainable development. It provides emergency aid and rehabilitation during natural disasters.",0,0,0,1,0,1,1,0,0,0
201,Support Network 201,"Hunger Relief, Disaster Relief",Bangalore,2003,531375,2934,979,45587,0.66,373,-0.03,"Support Network 201 works in the area of Hunger Relief, Disaster Relief in Bangalore. Founded in 2003, it focuses on social upliftment and sustainable development. It provides emergency aid and rehabilitation during natural disasters.",0,0,0,1,0,0,1,0,0,0
202,Aid Group 202,Hunger Relief,Ahmedabad,2014,4669313,1477,586,22844,0.52,360,0.67,"Aid Group 202 works in the area of Hunger Relief in Ahmedabad. Founded in 2014, it focuses on social upliftment and sustainable development.",0,0,0,1,0,0,0,0,0,0
203,Aid Network 203,"Environment, Hunger Relief",Mumbai,2007,2063138,2476,858,1853,0.65,398,0.09,"Aid Network 203 works in the area of Environment, Hunger Relief in Mumbai. Founded in 2007, it focuses on social upliftment and sustainable development.",0,1,0,1,0,0,0,0,0,0
204,Support Foundation 204,Elderly Support,Hyderabad,2017,3738159,3042,919,13844,0.65,306,0.72,"Support Foundation 204 works in the area of Elderly Support in Hyderabad. Founded in 2017, it focuses on social upliftment and sustainable development.",0,0,0,0,0,0,0,0,0,1
205,Kind Network 205,"Elderly Support, Education, Hunger Relief",Mumbai,2015,594645,4312,820,6192,0.58,222,1,"Kind Network 205 works in the area of Elderly Support, Education, Hunger Relief in Mumbai. Founded in 2015, it focuses on social upliftment and sustainable development.",1,0,0,1,0,0,0,0,0,1
206,Hope Hearts 206,"Animal Welfare, Environment, Disaster Relief",Bangalore,1984,3697695,2376,607,23729,0.9,136,0.4,"Hope Hearts 206 works in the area of Animal Welfare, Environment, Disaster Relief in Bangalore. Founded in 1984, it focuses on social upliftment and sustainable development. It provides emergency aid and rehabilitation during natural disasters.",0,1,0,0,0,1,1,0,0,0
207,Relief Network 207,"Disaster Relief, Women Empowerment, Healthcare",Mumbai,2021,774835,2441,724,14784,0.85,384,0.94,"Relief Network 207 works in the area of Disaster Relief, Women Empowerment, Healthcare in Mumbai. Founded in 2021, it focuses on social upliftment and sustainable development. It provides emergency aid and rehabilitation during natural disasters.",0,0,1,0,1,0,1,0,0,0
208,Relief Foundation 208,"Community Development, Child Welfare",Kolkata,1993,411262,244,493,38921,0.63,125,0.06,"Relief Foundation 208 works in the area of Community Development, Child Welfare in Kolkata. Founded in 1993, it focuses on social upliftment and sustainable development.",0,0,0,0,0,0,0,1,1,0
209,Uplift Foundation 209,Elderly Support,Ahmedabad,2011,4880449,223,995,16007,0.6,454,0.07,"Uplift Foundation 209 works in the area of Elderly Support in Ahmedabad. Founded in 2011, it focuses on social upliftment and sustainable development.",0,0,0,0,0,0,0,0,0,1
210,Care Hands 210,Disaster Relief,Ahmedabad,2013,4307898,4072,693,30288,0.71,476,0.58,"Care Hands 210 works in the area of Disaster Relief in Ahmedabad. Founded in 2013, it focuses on social upliftment and sustainable development. It provides emergency aid and rehabilitation during natural disasters.",0,0,0,0,0,0,1,0,0,0
211,Care Foundation 211,Elderly Support,Bangalore,1985,2978094,744,281,6945,0.55,165,-0.03,"Care Foundation 211 works in the area of Elderly Support in Bangalore. Founded in 1985, it focuses on social upliftment and sustainable development.",0,0,0,0,0,0,0,0,0,1
212,Relief Foundation 212,Women Empowerment,Jaipur,2014,1444005,3139,119,43811,0.6,18,0.32,"Relief Foundation 212 works in the area of Women Empowerment in Jaipur. Founded in 2014, it focuses on social upliftment and sustainable development.",0,0,0,0,1,0,0,0,0,0
213,Hope Trust 213,"Hunger Relief, Elderly Support, Disaster Relief",Lucknow,1987,3182742,2992,597,24171,0.91,270,-0.01,"Hope Trust 213 works in the area of Hunger Relief, Elderly Support, Disaster Relief in Lucknow. Founded in 1987, it focuses on social upliftment and sustainable development. It provides emergency aid and rehabilitation during natural disasters.",0,0,0,1,0,0,1,0,0,1
214,Support Group 214,"Elderly Support, Child Welfare, Animal Welfare",Ahmedabad,2016,2956937,3025,287,45115,1,203,0.28,"Support Group 214 works in the area of Elderly Support, Child Welfare, Animal Welfare in Ahmedabad. Founded in 2016, it focuses on social upliftment and sustainable development.",0,0,0,0,0,1,0,0,1,1
215,Kind Group 215,"Elderly Support, Environment, Education, Disaster Relief",Kolkata,2021,777898,195,609,47598,0.89,362,0.33,"Kind Group 215 works in the area of Elderly Support, Environment, Education, Disaster Relief in Kolkata. Founded in 2021, it focuses on social upliftment and sustainable development. It provides emergency aid and rehabilitation during natural disasters.",1,1,0,0,0,0,1,0,0,1
216,Kind Hearts 216,Healthcare,Delhi,1991,652029,3912,645,14019,0.55,491,0.31,"Kind Hearts 216 works in the area of Healthcare in Delhi. Founded in 1991, it focuses on social upliftment and sustainable development.",0,0,1,0,0,0,0,0,0,0
217,Uplift Trust 217,"Animal Welfare, Environment, Education",Mumbai,2017,2589267,1354,981,47349,0.54,165,0.67,"Uplift Trust 217 works in the area of Animal Welfare, Environment, Education in Mumbai. Founded in 2017, it focuses on social upliftment and sustainable development.",1,1,0,0,0,1,0,0,0,0
218,Support Group 218,"Community Development, Healthcare",Hyderabad,1986,4987222,2170,107,24066,0.6,49,0.52,"Support Group 218 works in the area of Community Development, Healthcare in Hyderabad. Founded in 1986, it focuses on social upliftment and sustainable development.",0,0,1,0,0,0,0,1,0,0
219,Kind Hearts 219,"Women Empowerment, Hunger Relief, Animal Welfare, Disaster Relief",Hyderabad,2012,3969404,1674,409,19551,0.93,412,0.47,"Kind Hearts 219 works in the area of Women Empowerment, Hunger Relief, Animal Welfare, Disaster Relief in Hyderabad. Founded in 2012, it focuses on social upliftment and sustainable development. It provides emergency aid and rehabilitation during natural disasters.",0,0,0,1,1,1,1,0,0,0
220,Support Group 220,"Child Welfare, Disaster Relief, Environment",Pune,1999,3609704,2044,903,6340,0.74,146,0.81,"Support Group 220 works in the area of Child Welfare, Disaster Relief, Environment in Pune. Founded in 1999, it focuses on social upliftment and sustainable development. It provides emergency aid and rehabilitation during natural disasters.",0,1,0,0,0,0,1,0,1,0
221,Uplift Trust 221,"Environment, Hunger Relief, Child Welfare",Chennai,2017,4536067,4291,87,4555,0.84,162,0.06,"Uplift Trust 221 works in the area of Environment, Hunger Relief, Child Welfare in Chennai. Founded in 2017, it focuses on social upliftment and sustainable development.",0,1,0,1,0,0,0,0,1,0
222,Care Group 222,"Healthcare, Environment, Education",Kolkata,2016,496490,2299,896,1680,0.85,87,0.69,"Care Group 222 works in the area of Healthcare, Environment, Education in Kolkata. Founded in 2016, it focuses on social upliftment and sustainable development.",1,1,1,0,0,0,0,0,0,0
223,Kind Foundation 223,"Elderly Support, Healthcare, Child Welfare",Ahmedabad,1998,3678525,1715,232,6277,0.93,192,0.84,"Kind Foundation 223 works in the area of Elderly Support, Healthcare, Child Welfare in Ahmedabad. Founded in 1998, it focuses on social upliftment and sustainable development.",0,0,1,0,0,0,0,0,1,1
224,Relief Foundation 224,"Disaster Relief, Child Welfare",Mumbai,2002,1151747,1450,235,41734,0.73,393,0.46,"Relief Foundation 224 works in the area of Disaster Relief, Child Welfare in Mumbai. Founded in 2002, it focuses on social upliftment and sustainable development. It provides emergency aid and rehabilitation during natural disasters.",0,0,0,0,0,0,1,0,1,0
225,Aid Hands 225,Hunger Relief,Lucknow,2008,4403627,1079,114,27576,0.82,432,0.47,"Aid Hands 225 works in the area of Hunger Relief in Lucknow. Founded in 2008, it focuses on social upliftment and sustainable development.",0,0,0,1,0,0,0,0,0,0
226,Care Group 226,"Women Empowerment, Disaster Relief",Kolkata,2020,2740100,3340,178,5325,0.65,480,0.69,"Care Group 226 works in the area of Women Empowerment, Disaster Relief in Kolkata. Founded in 2020, it focuses on social upliftment and sustainable development. It provides emergency aid and rehabilitation during natural disasters.",0,0,0,0,1,0,1,0,0,0
227,Hope Group 227,"Elderly Support, Education, Community Development",Jaipur,2015,4031983,2709,457,41984,0.5,80,0.17,"Hope Group 227 works in the area of Elderly Support, Education, Community Development in Jaipur. Founded in 2015, it focuses on social upliftment and sustainable development.",1,0,0,0,0,0,0,1,0,1
228,Relief Network 228,"Community Development, Women Empowerment, Education, Disaster Relief",Hyderabad,2003,694004,3662,384,16461,0.95,328,0.2,"Relief Network 228 works in the area of Community Development, Women Empowerment, Education, Disaster Relief in Hyderabad. Founded in 2003, it focuses on social upliftment and sustainable development. It provides emergency aid and rehabilitation during natural disasters.",1,0,0,0,1,0,1,1,0,0
229,Kind Foundation 229,Child Welfare,Hyderabad,1994,1821679,1536,479,24750,0.99,408,0.5,"Kind Foundation 229 works in the area of Child Welfare in Hyderabad. Founded in 1994, it focuses on social upliftment and sustainable development.",0,0,0,0,0,0,0,0,1,0
230,Helping Hands 230,Community Development,Delhi,2003,321130,1583,730,16976,0.67,14,0.35,"Helping Hands 230 works in the area of Community Development in Delhi. Founded in 2003, it focuses on social upliftment and sustainable development.",0,0,0,0,0,0,0,1,0,0
231,Kind Group 231,"Women Empowerment, Environment, Disaster Relief",Chennai,1988,3354815,4883,760,7018,0.77,280,0.05,"Kind Group 231 works in the area of Women Empowerment, Environment, Disaster Relief in Chennai. Founded in 1988, it focuses on social upliftment and sustainable development. It provides emergency aid and rehabilitation during natural disasters.",0,1,0,0,1,0,1,0,0,0
232,Uplift Hearts 232,Education,Hyderabad,1997,722429,3886,356,26495,0.82,224,0.49,"Uplift Hearts 232 works in the area of Education in Hyderabad. Founded in 1997, it focuses on social upliftment and sustainable development.",1,0,0,0,0,0,0,0,0,0
233,Support Trust 233,"Hunger Relief, Disaster Relief",Hyderabad,2021,1896190,4869,11,41147,0.56,277,0.96,"Support Trust 233 works in the area of Hunger Relief, Disaster Relief in Hyderabad. Founded in 2021, it focuses on social upliftment and sustainable development. It provides emergency aid and rehabilitation during natural disasters.",0,0,0,1,0,0,1,0,0,0
234,Uplift Foundation 234,Animal Welfare,Lucknow,1997,4171575,3319,798,40286,0.75,275,0.17,"Uplift Foundation 234 works in the area of Animal Welfare in Lucknow. Founded in 1997, it focuses on social upliftment and sustainable development.",0,0,0,0,0,1,0,0,0,0
235,Hope Hands 235,Disaster Relief,Delhi,2004,2981968,2729,324,19604,0.65,404,0.93,"Hope Hands 235 works in the area of Disaster Relief in Delhi. Founded in 2004, it focuses on social upliftment and sustainable development. It provides emergency aid and rehabilitation during natural disasters.",0,0,0,0,0,0,1,0,0,0
236,Relief Network 236,"Animal Welfare, Disaster Relief",Jaipur,2003,1334021,3520,716,23180,0.94,59,0.02,"Relief Network 236 works in the area of Animal Welfare, Disaster Relief in Jaipur. Founded in 2003, it focuses on social upliftment and sustainable development. It provides emergency aid and rehabilitation during natural disasters.",0,0,0,0,0,1,1,0,0,0
237,Uplift Hands 237,"Environment, Healthcare, Disaster Relief",Jaipur,2015,3236864,4869,530,35593,0.89,393,0.95,"Uplift Hands 237 works in the area of Environment, Healthcare, Disaster Relief in Jaipur. Founded in 2015, it focuses on social upliftment and sustainable development. It provides emergency aid and rehabilitation during natural disasters.",0,1,1,0,0,0,1,0,0,0
238,Aid Hands 238,"Animal Welfare, Women Empowerment, Elderly Support",Mumbai,2015,435686,3789,989,22810,0.68,257,-0.01,"Aid Hands 238 works in the area of Animal Welfare, Women Empowerment, Elderly Support in Mumbai. Founded in 2015, it focuses on social upliftment and sustainable development.",0,0,0,0,1,1,0,0,0,1
239,Relief Network 239,"Disaster Relief, Women Empowerment, Education",Ahmedabad,2015,3401172,4592,341,36305,0.93,238,0.18,"Relief Network 239 works in the area of Disaster Relief, Women Empowerment, Education in Ahmedabad. Founded in 2015, it focuses on social upliftment and sustainable development. It provides emergency aid and rehabilitation during natural disasters.",1,0,0,0,1,0,1,0,0,0
240,Hope Hands 240,"Animal Welfare, Child Welfare, Healthcare",Pune,2008,968793,4392,755,35470,0.71,335,0.81,"Hope Hands 240 works in the area of Animal Welfare, Child Welfare, Healthcare in Pune. Founded in 2008, it focuses on social upliftment and sustainable development.",0,0,1,0,0,1,0,0,1,0
241,Helping Trust 241,Elderly Support,Kolkata,2011,662791,1028,898,13512,0.8,232,0.27,"Helping Trust 241 works in the area of Elderly Support in Kolkata. Founded in 2011, it focuses on social upliftment and sustainable development.",0,0,0,0,0,0,0,0,0,1
242,Helping Trust 242,"Child Welfare, Environment, Elderly Support",Jaipur,2013,1207557,2967,200,28270,0.98,193,0.57,"Helping Trust 242 works in the area of Child Welfare, Environment, Elderly Support in Jaipur. Founded in 2013, it focuses on social upliftment and sustainable development.",0,1,0,0,0,0,0,0,1,1
243,Support Network 243,"Community Development, Women Empowerment",Bangalore,2000,623377,4252,766,29630,0.91,104,-0.01,"Support Network 243 works in the area of Community Development, Women Empowerment in Bangalore. Founded in 2000, it focuses on social upliftment and sustainable development.",0,0,0,0,1,0,0,1,0,0
244,Support Group 244,"Education, Disaster Relief",Ahmedabad,1999,2546727,1949,174,1972,0.91,47,-0.07,"Support Group 244 works in the area of Education, Disaster Relief in Ahmedabad. Founded in 1999, it focuses on social upliftment and sustainable development. It provides emergency aid and rehabilitation during natural disasters.",1,0,0,0,0,0,1,0,0,0
245,Aid Hearts 245,"Women Empowerment, Disaster Relief",Pune,2004,2041660,1232,455,8403,0.92,244,0.77,"Aid Hearts 245 works in the area of Women Empowerment, Disaster Relief in Pune. Founded in 2004, it focuses on social upliftment and sustainable development. It provides emergency aid and rehabilitation during natural disasters.",0,0,0,0,1,0,1,0,0,0
246,Relief Hands 246,Community Development,Ahmedabad,2009,1358529,3232,574,11587,0.8,362,-0.07,"Relief Hands 246 works in the area of Community Development in Ahmedabad. Founded in 2009, it focuses on social upliftment and sustainable development.",0,0,0,0,0,0,0,1,0,0
247,Helping Foundation 247,"Women Empowerment, Environment",Chennai,2008,2800125,4321,263,1812,0.75,153,-0.06,"Helping Foundation 247 works in the area of Women Empowerment, Environment in Chennai. Founded in 2008, it focuses on social upliftment and sustainable development.",0,1,0,0,1,0,0,0,0,0
248,Relief Foundation 248,"Elderly Support, Community Development",Ahmedabad,1991,1820926,2924,655,49711,0.71,146,0.32,"Relief Foundation 248 works in the area of Elderly Support, Community Development in Ahmedabad. Founded in 1991, it focuses on social upliftment and sustainable development.",0,0,0,0,0,0,0,1,0,1
249,Aid Foundation 249,"Child Welfare, Women Empowerment",Chennai,1984,1780268,3238,272,46411,0.87,132,0.64,"Aid Foundation 249 works in the area of Child Welfare, Women Empowerment in Chennai. Founded in 1984, it focuses on social upliftment and sustainable development.",0,0,0,0,1,0,0,0,1,0
250,Helping Hearts 250,"Healthcare, Animal Welfare",Chennai,1980,3082781,4038,531,9608,0.89,311,0.97,"Helping Hearts 250 works in the area of Healthcare, Animal Welfare in Chennai. Founded in 1980, it focuses on social upliftment and sustainable development.",0,0,1,0,0,1,0,0,0,0
251,Kind Group 251,"Healthcare, Community Development",Hyderabad,1996,3612339,1752,71,20806,0.76,342,0.89,"Kind Group 251 works in the area of Healthcare, Community Development in Hyderabad. Founded in 1996, it focuses on social upliftment and sustainable development.",0,0,1,0,0,0,0,1,0,0
252,Uplift Trust 252,Animal Welfare,Bangalore,1983,3266598,2228,559,36500,0.95,354,0.07,"Uplift Trust 252 works in the area of Animal Welfare in Bangalore. Founded in 1983, it focuses on social upliftment and sustainable development.",0,0,0,0,0,1,0,0,0,0
253,Helping Foundation 253,"Animal Welfare, Healthcare, Disaster Relief",Kolkata,2001,3004193,872,374,2193,0.95,417,0.18,"Helping Foundation 253 works in the area of Animal Welfare, Healthcare, Disaster Relief in Kolkata. Founded in 2001, it focuses on social upliftment and sustainable development. It provides emergency aid and rehabilitation during natural disasters.",0,0,1,0,0,1,1,0,0,0
254,Aid Trust 254,Elderly Support,Hyderabad,1982,1802022,692,105,24460,0.7,240,0.24,"Aid Trust 254 works in the area of Elderly Support in Hyderabad. Founded in 1982, it focuses on social upliftment and sustainable development.",0,0,0,0,0,0,0,0,0,1
255,Care Foundation 255,Environment,Delhi,2007,2860526,1486,616,31450,0.84,439,0.46,"Care Foundation 255 works in the area of Environment in Delhi. Founded in 2007, it focuses on social upliftment and sustainable development.",0,1,0,0,0,0,0,0,0,0
256,Aid Group 256,Environment,Jaipur,2019,1501159,3549,29,34417,0.54,304,0.39,"Aid Group 256 works in the area of Environment in Jaipur. Founded in 2019, it focuses on social upliftment and sustainable development.",0,1,0,0,0,0,0,0,0,0
257,Care Hands 257,"Environment, Women Empowerment",Ahmedabad,1997,2361364,355,330,31035,0.84,82,0.6,"Care Hands 257 works in the area of Environment, Women Empowerment in Ahmedabad. Founded in 1997, it focuses on social upliftment and sustainable development.",0,1,0,0,1,0,0,0,0,0
258,Hope Hands 258,"Hunger Relief, Women Empowerment, Education",Bangalore,1990,4293765,2223,823,15130,0.5,444,0.22,"Hope Hands 258 works in the area of Hunger Relief, Women Empowerment, Education in Bangalore. Founded in 1990, it focuses on social upliftment and sustainable development.",1,0,0,1,1,0,0,0,0,0
259,Support Hearts 259,"Animal Welfare, Child Welfare, Disaster Relief",Bangalore,1986,4952546,4344,288,13537,0.54,138,0.15,"Support Hearts 259 works in the area of Animal Welfare, Child Welfare, Disaster Relief in Bangalore. Founded in 1986, it focuses on social upliftment and sustainable development. It provides emergency aid and rehabilitation during natural disasters.",0,0,0,0,0,1,1,0,1,0
260,Aid Trust 260,"Education, Disaster Relief",Bangalore,1990,4120355,1631,431,13991,0.71,321,0.34,"Aid Trust 260 works in the area of Education, Disaster Relief in Bangalore. Founded in 1990, it focuses on social upliftment and sustainable development. It provides emergency aid and rehabilitation during natural disasters.",1,0,0,0,0,0,1,0,0,0
261,Support Group 261,"Hunger Relief, Animal Welfare, Community Development",Hyderabad,2015,2870330,1487,271,37360,0.54,240,0.48,"Support Group 261 works in the area of Hunger Relief, Animal Welfare, Community Development in Hyderabad. Founded in 2015, it focuses on social upliftment and sustainable development.",0,0,0,1,0,1,0,1,0,0
262,Hope Trust 262,"Hunger Relief, Community Development, Child Welfare",Lucknow,1989,2823548,1447,236,18917,0.97,234,0.87,"Hope Trust 262 works in the area of Hunger Relief, Community Development, Child Welfare in Lucknow. Founded in 1989, it focuses on social upliftment and sustainable development.",0,0,0,1,0,0,0,1,1,0
263,Kind Foundation 263,"Elderly Support, Women Empowerment",Jaipur,1999,766160,1295,740,49566,0.76,453,0.84,"Kind Foundation 263 works in the area of Elderly Support, Women Empowerment in Jaipur. Founded in 1999, it focuses on social upliftment and sustainable development.",0,0,0,0,1,0,0,0,0,1
264,Relief Network 264,Disaster Relief,Chennai,1993,166081,3203,123,14697,0.53,496,-0.01,"Relief Network 264 works in the area of Disaster Relief in Chennai. Founded in 1993, it focuses on social upliftment and sustainable development. It provides emergency aid and rehabilitation during natural disasters.",0,0,0,0,0,0,1,0,0,0
265,Aid Hearts 265,"Environment, Community Development, Education",Ahmedabad,2012,2951017,560,148,26476,0.81,172,0.81,"Aid Hearts 265 works in the area of Environment, Community Development, Education in Ahmedabad. Founded in 2012, it focuses on social upliftment and sustainable development.",1,1,0,0,0,0,0,1,0,0
266,Relief Hearts 266,"Community Development, Education, Disaster Relief",Chennai,2008,1443868,71,17,48047,0.54,373,0.34,"Relief Hearts 266 works in the area of Community Development, Education, Disaster Relief in Chennai. Founded in 2008, it focuses on social upliftment and sustainable development. It provides emergency aid and rehabilitation during natural disasters.",1,0,0,0,0,0,1,1,0,0
267,Relief Hands 267,Education,Ahmedabad,2001,2550302,4362,40,23576,0.8,163,0.21,"Relief Hands 267 works in the area of Education in Ahmedabad. Founded in 2001, it focuses on social upliftment and sustainable development.",1,0,0,0,0,0,0,0,0,0
268,Hope Network 268,Elderly Support,Chennai,1986,2804939,1558,495,40700,0.78,324,0.73,"Hope Network 268 works in the area of Elderly Support in Chennai. Founded in 1986, it focuses on social upliftment and sustainable development.",0,0,0,0,0,0,0,0,0,1
269,Kind Group 269,"Women Empowerment, Child Welfare, Environment, Disaster Relief",Mumbai,2002,1976457,1340,134,47955,0.99,469,-0.04,"Kind Group 269 works in the area of Women Empowerment, Child Welfare, Environment, Disaster Relief in Mumbai. Founded in 2002, it focuses on social upliftment and sustainable development. It provides emergency aid and rehabilitation during natural disasters.",0,1,0,0,1,0,1,0,1,0
270,Hope Hearts 270,Elderly Support,Lucknow,2000,4670079,179,436,22614,0.96,489,0.58,"Hope Hearts 270 works in the area of Elderly Support in Lucknow. Founded in 2000, it focuses on social upliftment and sustainable development.",0,0,0,0,0,0,0,0,0,1
271,Helping Hands 271,"Community Development, Disaster Relief",Pune,2000,3467499,2193,340,48983,0.6,486,0.35,"Helping Hands 271 works in the area of Community Development, Disaster Relief in Pune. Founded in 2000, it focuses on social upliftment and sustainable development. It provides emergency aid and rehabilitation during natural disasters.",0,0,0,0,0,0,1,1,0,0
272,Care Network 272,Child Welfare,Delhi,1980,2880136,439,732,30624,0.98,77,0.49,"Care Network 272 works in the area of Child Welfare in Delhi. Founded in 1980, it focuses on social upliftment and sustainable development.",0,0,0,0,0,0,0,0,1,0
273,Aid Network 273,Women Empowerment,Hyderabad,1994,3503727,2247,947,41730,0.81,35,0.25,"Aid Network 273 works in the area of Women Empowerment in Hyderabad. Founded in 1994, it focuses on social upliftment and sustainable development.",0,0,0,0,1,0,0,0,0,0
274,Kind Hearts 274,Healthcare,Delhi,1995,4973957,1518,937,19435,0.98,23,0.26,"Kind Hearts 274 works in the area of Healthcare in Delhi. Founded in 1995, it focuses on social upliftment and sustainable development.",0,0,1,0,0,0,0,0,0,0
275,Support Foundation 275,"Elderly Support, Community Development, Environment",Ahmedabad,2015,649652,2436,568,45467,0.52,200,0.17,"Support Foundation 275 works in the area of Elderly Support, Community Development, Environment in Ahmedabad. Founded in 2015, it focuses on social upliftment and sustainable development.",0,1,0,0,0,0,0,1,0,1
276,Kind Hands 276,Environment,Mumbai,1990,4523730,4667,907,21586,0.97,54,0.18,"Kind Hands 276 works in the area of Environment in Mumbai. Founded in 1990, it focuses on social upliftment and sustainable development.",0,1,0,0,0,0,0,0,0,0
277,Kind Hands 277,"Environment, Disaster Relief",Lucknow,2019,379780,3544,132,3974,0.68,266,0.22,"Kind Hands 277 works in the area of Environment, Disaster Relief in Lucknow. Founded in 2019, it focuses on social upliftment and sustainable development. It provides emergency aid and rehabilitation during natural disasters.",0,1,0,0,0,0,1,0,0,0
278,Hope Foundation 278,"Healthcare, Environment, Animal Welfare",Chennai,1991,537200,4851,645,22477,0.83,347,0.83,"Hope Foundation 278 works in the area of Healthcare, Environment, Animal Welfare in Chennai. Founded in 1991, it focuses on social upliftment and sustainable development.",0,1,1,0,0,1,0,0,0,0
279,Aid Group 279,"Animal Welfare, Disaster Relief",Chennai,1987,865479,4898,470,38047,0.84,211,0.38,"Aid Group 279 works in the area of Animal Welfare, Disaster Relief in Chennai. Founded in 1987, it focuses on social upliftment and sustainable development. It provides emergency aid and rehabilitation during natural disasters.",0,0,0,0,0,1,1,0,0,0
280,Helping Hands 280,"Community Development, Disaster Relief",Delhi,2018,3757082,995,28,4369,0.57,44,0.07,"Helping Hands 280 works in the area of Community Development, Disaster Relief in Delhi. Founded in 2018, it focuses on social upliftment and sustainable development. It provides emergency aid and rehabilitation during natural disasters.",0,0,0,0,0,0,1,1,0,0
281,Care Hands 281,"Education, Disaster Relief",Chennai,1980,2088359,2900,688,33810,0.65,197,0.3,"Care Hands 281 works in the area of Education, Disaster Relief in Chennai. Founded in 1980, it focuses on social upliftment and sustainable development. It provides emergency aid and rehabilitation during natural disasters.",1,0,0,0,0,0,1,0,0,0
282,Relief Hearts 282,"Disaster Relief, Healthcare, Animal Welfare",Ahmedabad,1987,781934,242,85,44351,0.86,30,0.12,"Relief Hearts 282 works in the area of Disaster Relief, Healthcare, Animal Welfare in Ahmedabad. Founded in 1987, it focuses on social upliftment and sustainable development. It provides emergency aid and rehabilitation during natural disasters.",0,0,1,0,0,1,1,0,0,0
283,Uplift Hands 283,"Community Development, Healthcare, Women Empowerment, Disaster Relief",Kolkata,2007,2163201,2301,433,43641,0.96,374,-0.1,"Uplift Hands 283 works in the area of Community Development, Healthcare, Women Empowerment, Disaster Relief in Kolkata. Founded in 2007, it focuses on social upliftment and sustainable development. It provides emergency aid and rehabilitation during natural disasters.",0,0,1,0,1,0,1,1,0,0
284,Helping Trust 284,"Hunger Relief, Women Empowerment, Disaster Relief",Jaipur,1983,3592543,4617,955,16861,0.53,227,0.55,"Helping Trust 284 works in the area of Hunger Relief, Women Empowerment, Disaster Relief in Jaipur. Founded in 1983, it focuses on social upliftment and sustainable development. It provides emergency aid and rehabilitation during natural disasters.",0,0,0,1,1,0,1,0,0,0
285,Aid Hands 285,"Healthcare, Elderly Support",Kolkata,1983,4080749,489,456,4414,0.6,404,0.14,"Aid Hands 285 works in the area of Healthcare, Elderly Support in Kolkata. Founded in 1983, it focuses on social upliftment and sustainable development.",0,0,1,0,0,0,0,0,0,1
286,Care Group 286,"Animal Welfare, Healthcare",Pune,1992,4151979,308,509,674,0.78,167,0.98,"Care Group 286 works in the area of Animal Welfare, Healthcare in Pune. Founded in 1992, it focuses on social upliftment and sustainable development.",0,0,1,0,0,1,0,0,0,0
287,Support Hands 287,"Healthcare, Elderly Support, Animal Welfare",Pune,1981,4545300,1993,730,40582,0.87,135,0.72,"Support Hands 287 works in the area of Healthcare, Elderly Support, Animal Welfare in Pune. Founded in 1981, it focuses on social upliftment and sustainable development.",0,0,1,0,0,1,0,0,0,1
288,Uplift Hearts 288,Hunger Relief,Kolkata,2014,160467,4885,718,11476,1,65,0.1,"Uplift Hearts 288 works in the area of Hunger Relief in Kolkata. Founded in 2014, it focuses on social upliftment and sustainable development.",0,0,0,1,0,0,0,0,0,0
289,Relief Hands 289,"Elderly Support, Animal Welfare, Disaster Relief",Hyderabad,2013,3091732,2207,788,42158,0.74,429,0.12,"Relief Hands 289 works in the area of Elderly Support, Animal Welfare, Disaster Relief in Hyderabad. Founded in 2013, it focuses on social upliftment and sustainable development. It provides emergency aid and rehabilitation during natural disasters.",0,0,0,0,0,1,1,0,0,1
290,Kind Hearts 290,Healthcare,Bangalore,2014,1167094,4130,630,18978,0.63,210,0.34,"Kind Hearts 290 works in the area of Healthcare in Bangalore. Founded in 2014, it focuses on social upliftment and sustainable development.",0,0,1,0,0,0,0,0,0,0
291,Kind Group 291,"Environment, Disaster Relief",Delhi,1996,4813490,3686,132,5137,0.84,410,0.07,"Kind Group 291 works in the area of Environment, Disaster Relief in Delhi. Founded in 1996, it focuses on social upliftment and sustainable development. It provides emergency aid and rehabilitation during natural disasters.",0,1,0,0,0,0,1,0,0,0
292,Support Group 292,"Child Welfare, Disaster Relief",Mumbai,2014,1258487,2898,289,45547,0.53,460,-0.05,"Support Group 292 works in the area of Child Welfare, Disaster Relief in Mumbai. Founded in 2014, it focuses on social upliftment and sustainable development. It provides emergency aid and rehabilitation during natural disasters.",0,0,0,0,0,0,1,0,1,0
293,Relief Hearts 293,"Animal Welfare, Hunger Relief, Women Empowerment",Hyderabad,2018,3964422,4604,14,3174,0.82,197,0.29,"Relief Hearts 293 works in the area of Animal Welfare, Hunger Relief, Women Empowerment in Hyderabad. Founded in 2018, it focuses on social upliftment and sustainable development.",0,0,0,1,1,1,0,0,0,0
294,Helping Network 294,"Community Development, Healthcare, Education",Pune,2013,338013,186,556,36516,0.96,340,0.22,"Helping Network 294 works in the area of Community Development, Healthcare, Education in Pune. Founded in 2013, it focuses on social upliftment and sustainable development.",1,0,1,0,0,0,0,1,0,0
295,Uplift Group 295,"Disaster Relief, Healthcare",Mumbai,1992,4222841,4557,321,14174,0.54,95,0.83,"Uplift Group 295 works in the area of Disaster Relief, Healthcare in Mumbai. Founded in 1992, it focuses on social upliftment and sustainable development. It provides emergency aid and rehabilitation during natural disasters.",0,0,1,0,0,0,1,0,0,0
296,Helping Trust 296,"Child Welfare, Healthcare, Disaster Relief",Chennai,1982,1192865,2485,74,37089,0.83,481,0.44,"Helping Trust 296 works in the area of Child Welfare, Healthcare, Disaster Relief in Chennai. Founded in 1982, it focuses on social upliftment and sustainable development. It provides emergency aid and rehabilitation during natural disasters.",0,0,1,0,0,0,1,0,1,0
297,Uplift Hands 297,"Hunger Relief, Disaster Relief",Pune,1992,2383611,1028,75,16331,0.65,119,0.5,"Uplift Hands 297 works in the area of Hunger Relief, Disaster Relief in Pune. Founded in 1992, it focuses on social upliftment and sustainable development. It provides emergency aid and rehabilitation during natural disasters.",0,0,0,1,0,0,1,0,0,0
298,Care Trust 298,Disaster Relief,Delhi,1991,349266,2395,911,856,0.85,273,0.27,"Care Trust 298 works in the area of Disaster Relief in Delhi. Founded in 1991, it focuses on social upliftment and sustainable development. It provides emergency aid and rehabilitation during natural disasters.",0,0,0,0,0,0,1,0,0,0
299,Uplift Group 299,"Hunger Relief, Education, Disaster Relief",Pune,2011,820511,1281,673,24631,0.85,416,0.77,"Uplift Group 299 works in the area of Hunger Relief, Education, Disaster Relief in Pune. Founded in 2011, it focuses on social upliftment and sustainable development. It provides emergency aid and rehabilitation during natural disasters.",1,0,0,1,0,0,1,0,0,0
300,Helping Network 300,"Animal Welfare, Healthcare",Delhi,2022,3094052,2033,315,3749,0.63,341,0.91,"Helping Network 300 works in the area of Animal Welfare, Healthcare in Delhi. Founded in 2022, it focuses on social upliftment and sustainable development.",0,0,1,0,0,1,0,0,0,0
